Product,SKU,Supplier Code,Brand,Supplier,Type,Tag,2018,2019,Revenue,Cost of Goods,Gross Profit,Margin,Tax
Harvard Crest T-Shirt,264,QUALIT,3 Classic Collection,Quality,"010 Apparel > T-shirts, Tanks",B - Bin 32,288267.019430,255698.350820,543965.370250,116260.151866,427705.218384,0.786273,7.010000
Harvard Hooded Crest Sweatshirt,3697,QUALIT,3 Classic Collection,Quality,022 Apparel > Sweatshirts > Hooded,A - Bin 7,249578.191400,194614.459780,444192.651180,138784.491550,305408.159640,0.687558,13.220000
Harvard Arc T-shirt,1200,QUALIT,3 Classic Collection,Quality,"010 Apparel > T-shirts, Tanks",B - Bin 34,133830.706080,110396.926800,244227.632880,48918.773690,195308.859200,0.799700,6.040000
Harvard Hooded Arc Sweatshirt,2147,QUALIT,3 Classic Collection,Quality,022 Apparel > Sweatshirts > Hooded,A - Bin 6,127333.112100,85537.453460,212870.565560,68667.232820,144203.332740,0.677423,2.000000
Pro-Weave Hood,10815,,2 Lifestyle Collection,MV Sport,022 Apparel > Sweatshirts > Hooded,A - Bin 4,104211.267870,104086.557010,208297.824880,92694.634880,115603.190000,0.554990,0.980000
Pro-Weave Crewneck,10807,,2 Lifestyle Collection,MV Sport,021 Apparel > Sweatshirts > Crewneck,B - Bin 18,94167.520730,76244.985950,170412.506680,75702.913320,94709.593360,0.555767,3.630000
Harvard Premium Hood,11109,,4 Fall 2017 Collection,Ouray,022 Apparel > Sweatshirts > Hooded,Clearance,111224.291230,45761.598380,156985.889610,82278.730665,74707.158945,0.475885,0.600000
Youth Harvard Crest Hooded Sweatshirt,3175,QUALIT,"7 Youth, Toddler, Infant",Quality,022 Apparel > Sweatshirts > Hooded,B - Bin 53,56334.106900,49849.351690,106183.458590,44905.777650,61277.680940,0.577093,4.030000
Harvard Youth Crest T-Shirt,3098,QUALIT,"7 Youth, Toddler, Infant",Quality,"010 Apparel > T-shirts, Tanks",B - Bin 52,45198.220590,53967.147830,99165.368420,24073.055820,75092.312600,0.757243,3.010000
USPS Priority Mail International,2,,Freight,Freight,Freight,,58820.220000,30035.570000,88855.790000,0.000000,88855.790000,1.000000,0.790000
Harvard Ladies Crest T-Shirt,3773,,3 Classic Collection,Quality,"010 Apparel > T-shirts, Tanks",B - Bin 36,36625.113790,42117.088390,78742.202180,15119.208030,63622.994150,0.807991,2.770000
Harvard Hockey Applique Sweatshirt,10598,,3 Classic Collection,Bay State Apparel,022 Apparel > Sweatshirts > Hooded,"B - Bin 8, Clearance",57974.174700,20281.306070,78255.480770,27248.464720,51007.016050,0.651801,2.770000
Classic H Hat,11018,,2 Lifestyle Collection,Quality,030 Apparel > Hats,A - Bin 2,33602.908250,42643.595270,76246.503520,22347.120610,53899.382910,0.706910,2.600000
The Premier Harvard Felt Hood,11435,,2 Lifestyle Collection,Ouray,022 Apparel > Sweatshirts > Hooded,A - Bin 5,4068.791080,69330.833540,73399.624620,34969.750100,38429.874520,0.523570,0.260000
USPS Priority Mail 2-Day,1,,Freight,Freight,,,27557.700000,40263.120000,67820.820000,0.000000,67820.820000,1.000000,40.650000
Premium Faded T-Shirt,11081,,4 Fall 2017 Collection,Ouray,"010 Apparel > T-shirts, Tanks","tshirts, cf-color-crimson, S, soft, XL, tshirt, T-shirt, women's shirts, B - Bin 31, Tops, unisex, teeshirt, t-shirts, top, Women's, tee, shirts, women, premium, premium tee",36438.398120,28010.442550,64448.840670,30539.661300,33909.179370,0.526141,1.540000
Harvard Legacy Deluxe Crew,11443,,2 Lifestyle Collection,Ouray,021 Apparel > Sweatshirts > Crewneck,B - Bin 19,4745.207500,59000.139340,63745.346840,33313.708260,30431.638580,0.477394,1.040000
Merino Wool H Sweater,10667,,1 Heritage Collection,Hillflint,070 Apparel > Knit Sweaters,Mt. A Base,48766.890000,13305.116320,62072.006320,34431.176360,27640.829960,0.445303,0.490000
Harvard Nantucket Fleece,11657,,Spring 2019,Bay State Apparel,021 Apparel > Sweatshirts > Crewneck,"B - Bin 20, sweatshirt",119.970000,60643.546060,60763.516060,24782.091930,35981.424130,0.592155,0.550000
Premium Cotton H Sweater,10583,,1 Heritage Collection,Hillflint,070 Apparel > Knit Sweaters,Mt. A Base,34447.450000,24225.340000,58672.790000,27157.552850,31515.237150,0.537135,5.100000
Harvard Athletic Long Sleeve Tee,11504,,2 Lifestyle Collection,Ouray,General,B - Bin 13,18552.155750,37229.101530,55781.257280,27174.066960,28607.190320,0.512846,4.220000
Premium Comfort T-Shirt,11073,,4 Fall 2017 Collection,Ouray,"010 Apparel > T-shirts, Tanks",B - Bin 31,29013.254560,23149.901970,52163.156530,24458.034520,27705.122010,0.531124,3.130000
Vintage Crew Sweatshirt,3167,QUALIT,3 Classic Collection,Quality,021 Apparel > Sweatshirts > Crewneck,B - Bin 21,22517.557200,28806.304090,51323.861290,12725.786730,38598.074560,0.752049,2.000000
Hat & Tee Combo,11004,,3 Classic Collection,Ouray,,,39125.844320,9604.080230,48729.924550,18761.180260,29968.744290,0.614997,0.000000
Harvard Est. 1636 Hat,11093,,2 Lifestyle Collection,Quality,030 Apparel > Hats,A - Bin 2,26114.034670,22037.123980,48151.158650,15567.823440,32583.335210,0.676688,1.740000
Harvard Youth Arc T-Shirt,3683,QUALIT,"7 Youth, Toddler, Infant",Quality,"010 Apparel > T-shirts, Tanks",B - Bin 51,26024.826880,21300.001830,47324.828710,10829.949340,36494.879370,0.771157,8.230000
Harvard Varsity Jacket,11023,,4 Fall 2017 Collection,Apparel Empire,050 Apparel > Jackets,,36977.071360,9902.306370,46879.377730,17973.196690,28906.181040,0.616608,0.200000
USPS Retail Ground,4,,Freight,Freight,Freight,,42954.990000,2730.830000,45685.820000,0.000000,45685.820000,1.000000,0.000000
Vintage Crew T-Shirt,10344,,3 Classic Collection,Quality,"010 Apparel > T-shirts, Tanks",B - Bin 24,17590.259360,27829.089850,45419.349210,17498.984840,27920.364370,0.614724,1.330000
Standard Chair,StandardChairWithoutPersona,,,Standard Chair,"400 Frames, Rings, Chairs, Lamps",,27138.290000,15659.750000,42798.040000,28519.200000,14278.840000,0.333633,749.800000
Harvard Rugby Shirt,10955,,2 Lifestyle Collection,Quality,090 Apparel > Other,B - Bin 22,19176.936980,22754.075500,41931.012480,25990.061680,15940.950800,0.380171,0.510000
Harvard Sweatpants,3114,QUALIT,3 Classic Collection,Quality,040 Apparel > Pants and Shorts,B - Bin 17,18995.567620,20977.510170,39973.077790,16697.269600,23275.808190,0.582287,1.600000
Ivory Terry Crew,11216,,4 Fall 2017 Collection,Apparel Empire,021 Apparel > Sweatshirts > Crewneck,Clearance,34750.974690,4693.920500,39444.895190,18258.000000,21186.895190,0.537126,0.520000
Harvard Premium Quarter Zip,11124,,4 Fall 2017 Collection,Ouray,023 Apparel > Sweatshirts > Zip,Clearance,37358.437000,819.567500,38178.004500,17379.300030,20798.704470,0.544782,3.450000
Lorelei Long Sleeve,10837,,2 Lifestyle Collection,Apparel Empire,"010 Apparel > T-shirts, Tanks",Clearance,28663.787700,5925.885640,34589.673340,17374.703820,17214.969520,0.497691,2.280000
"The ""Kenny"" Quarter Zip",11279,,2 Lifestyle Collection,Apparel Empire,023 Apparel > Sweatshirts > Zip,Clearance,30202.326960,4167.783650,34370.110610,16786.000000,17584.110610,0.511611,1.180000
Harvard Athletic Shield Hat,11016,,2 Lifestyle Collection,Quality,030 Apparel > Hats,A - Bin 2,15282.445890,18959.841600,34242.287490,10604.502630,23637.784860,0.690310,1.440000
Quilted Crew,11035a,,4 Fall 2017 Collection,Apparel Empire,021 Apparel > Sweatshirts > Crewneck,"B - Bin 20, Clearance",23773.080500,8048.758230,31821.838730,12631.989830,19189.848900,0.603040,1.520000
Felt H Hat,11154,,4 Fall 2017 Collection,Quality,030 Apparel > Hats,A - Bin 2,16366.598920,15290.844500,31657.443420,10876.763520,20780.679900,0.656423,2.540000
USA West (4-6 Business Days),USAWest4-6BusinessDays,,Freight,Freight,,,20055.000000,11600.000000,31655.000000,0.000000,31655.000000,1.000000,3.100000
Harvard Hockey Hood / Navy,11663,,,Bay State Apparel,022 Apparel > Sweatshirts > Hooded,"hoodies, Sweatshirts, A - Bin 8, hockey",0.000000,30431.727630,30431.727630,10424.146810,20007.580820,0.657458,1.590000
H 1636 Hat,11013,,2 Lifestyle Collection,Quality,030 Apparel > Hats,A - Bin 2,16404.737050,13216.279030,29621.016080,8934.514470,20686.501610,0.698372,1.170000
Harvard Baseball Crew,11095,,Clearance,Ouray,021 Apparel > Sweatshirts > Crewneck,Clearance,21445.309500,6871.837250,28317.146750,14402.889190,13914.257560,0.491372,0.650000
Hahvahd T-Shirt,1389,QUALIT,3 Classic Collection,Quality,"010 Apparel > T-shirts, Tanks",B - Bin 24,14371.964800,13517.942840,27889.907640,6015.322570,21874.585070,0.784319,4.760000
"The ""Harrison"" Jacket",11221,,2 Lifestyle Collection,Apparel Empire,050 Apparel > Jackets,Clearance,20800.113090,6446.437440,27246.550530,11767.000000,15479.550530,0.568129,0.000000
Varsity Script Hat,11156,,4 Fall 2017 Collection,Quality,030 Apparel > Hats,A - Bin 2,12155.541440,13706.805430,25862.346870,8856.041410,17006.305460,0.657570,0.000000
Harvard Future Freshman Shirt,655,FREEDM,"7 Youth, Toddler, Infant",FREEDOM,"010 Apparel > T-shirts, Tanks",B - Bin 48,19392.184500,6444.981650,25837.166150,8356.000000,17481.166150,0.676590,1.400000
H Long Sleeve Victory Tee,10932,,2 Lifestyle Collection,Quality,"010 Apparel > T-shirts, Tanks",Clearance,24875.867730,913.870300,25789.738030,10979.442880,14810.295150,0.574271,0.390000
Toddler Varsity Jacket,11142,,"7 Youth, Toddler, Infant",Creative Knitwear,050 Apparel > Jackets,"B - Bin 49, B - Bin 54",16321.244500,9368.763500,25690.008000,12938.065970,12751.942030,0.496378,2.010000
Ladies' Harvard Cozy Crew,11488,,2 Lifestyle Collection,Ouray,021 Apparel > Sweatshirts > Crewneck,B - Bin 19,475.574500,24266.010070,24741.584570,13266.590730,11474.993840,0.463794,0.000000
Harvard Ladies' Shield Quarter Zip,11476,,2 Lifestyle Collection,Ouray,023 Apparel > Sweatshirts > Zip,B - Bin 18,0.000000,24711.617000,24711.617000,12337.127310,12374.489690,0.500756,0.000000
Harvard Elite Men's Athletic Shorts,11496,,2 Lifestyle Collection,Ouray,040 Apparel > Pants and Shorts,B - Bin 14,7865.082500,15266.541640,23131.624140,10936.367750,12195.256390,0.527211,4.490000
Harvard Applique Full Zip,10642,,Clearance,Bay State Apparel,023 Apparel > Sweatshirts > Zip,Clearance,21160.475090,870.632240,22031.107330,8230.267460,13800.839870,0.626425,1.040000
Ladies French Terry Crew,10755,,2 Lifestyle Collection,MV Sport,021 Apparel > Sweatshirts > Crewneck,,21533.222160,58.550000,21591.772160,11379.752520,10212.019640,0.472959,0.430000
Harvard H Brim Hat,11160,,4 Fall 2017 Collection,Quality,030 Apparel > Hats,A - Bin 2,10226.157490,10794.971520,21021.129010,7720.029540,13301.099470,0.632749,0.640000
USPS Priority Mail,USPSPriorityMDefault,,Freight,Freight,General,,20971.760000,0.000000,20971.760000,0.000000,20971.760000,1.000000,15.700000
Harvard Better Sweater Patagonia,11362,,4 Spring 2018 Collection,Quality,023 Apparel > Sweatshirts > Zip,,19886.060000,717.600000,20603.660000,13010.439070,7593.220930,0.368537,2.350000
Harvard Crest Mug,11213,,6 Drinkware,Quality,210 Drinkware > Mugs,"cf-color-crimson, cf-color-white, B - Bin 69",11613.610810,8922.470950,20536.081760,7285.895630,13250.186130,0.645215,867.674950
Harvard Mens Flannel Pants,11255,,2 Lifestyle Collection,Concepts Sport,040 Apparel > Pants and Shorts,B - Bin 17,11608.003520,8454.280800,20062.284320,10334.900860,9727.383460,0.484859,1.750000
Harvard Business School Shield T-Shirt,10087,,Graduate Schools,Quality,"010 Apparel > T-shirts, Tanks","apparel, men, men's t-shirts, HBS shirt, T-shirt, t shirt, shirt, tee, business school, Harvard Business School, HBS, Business School tee, women, women's t-shirts",11681.136230,7700.698840,19381.835070,6222.694220,13159.140850,0.678942,1.160000
Harvard Straw Hat,10480,,2 Lifestyle Collection,Logofit,030 Apparel > Hats,,10461.213500,8813.787480,19275.000980,10447.673230,8827.327750,0.457968,0.280000
Harvard Golf Hat,11158,,4 Fall 2017 Collection,Quality,030 Apparel > Hats,A - Bin 2,11037.340370,8164.913500,19202.253870,6635.830870,12566.423000,0.654424,1.450000
Harvard Spirit Jersey,10626,,2 Lifestyle Collection,Spirit Jersey,090 Apparel > Other,Clearance,18282.673200,463.032370,18745.705570,10033.085120,8712.620450,0.464780,0.720000
Ladies Harvard Henley,11039,,4 Fall 2017 Collection,Ouray,"010 Apparel > T-shirts, Tanks",Clearance,14186.367780,4157.432160,18343.799940,10072.649680,8271.150260,0.450896,0.500000
Harvard Lanyard,847,QUALIT,5 Accessories,Quality,180 Accessories > Other,B - Bin 70,9847.858840,8465.843430,18313.702270,5801.682940,12512.019330,0.683205,958.486060
Harvard Stadium Sweater,10902,,4 Fall 2017 Collection,Hillflint,070 Apparel > Knit Sweaters,Mt. A Base,8952.850000,8899.940000,17852.790000,8228.921610,9623.868390,0.539068,0.410000
Harvard Ladies' Spirit Hood,11472,,2 Lifestyle Collection,Ouray,022 Apparel > Sweatshirts > Hooded,"Clearance, A - Bin 8",942.125500,16749.693080,17691.818580,8840.135340,8851.683240,0.500326,0.000000
Harvard Synchilla Fleece Patagonia,11382,,4 Spring 2018 Collection,Quality,023 Apparel > Sweatshirts > Zip,,16767.530000,706.800000,17474.330000,10814.255000,6660.075000,0.381135,1.390000
Harvard Crest Magnet,1514,,5 Accessories,Pin Badge Maker Company,140 Accessories > Magnets,B - Bin 63,9982.948970,7371.634470,17354.583440,4801.509890,12553.073560,0.723329,1023.985170
Harvard Bistro Mug,11292,,6 Drinkware,Quality,210 Drinkware > Mugs,B - Bin 70,8961.395840,8255.664410,17217.060250,5907.399780,11309.660480,0.656887,172.531120
USA East (4-6 Business Days),USAEast4-6BusinessDays,,Freight,Freight,,,9460.000000,7180.000000,16640.000000,0.000000,16640.000000,1.000000,1.230000
Harvard Crest Joggers,10672,,2 Lifestyle Collection,MV Sport,040 Apparel > Pants and Shorts,,15703.050330,525.652500,16228.702830,9921.870390,6306.832440,0.388622,0.150000
Endure Bottle,11199,,6 Drinkware,Quality,220 Drinkware > Bottles,B - Bin 69,8973.586760,7222.184700,16195.771460,6191.588370,10004.183090,0.617703,734.941720
Harvard Quarter Zip Applique,10599,,3 Classic Collection,Bay State Apparel,023 Apparel > Sweatshirts > Zip,Clearance,16002.337200,105.413630,16107.750830,6075.999670,10031.751160,0.622790,0.620000
Harvard Teddy Bear,10477,,5 Accessories,T-Shirt Bears,160 Accessories > Soft Toys,A - Bin 2,10356.997790,5709.273720,16066.271510,6539.183050,9527.088460,0.592987,790.091260
Harvard Pocket Umbrella,1438,STORMD,5 Accessories,STORMDUDS,300 Rain Gear,B - Bin 70,10280.137500,5499.467140,15779.604640,8444.655310,7334.949330,0.464837,704.812100
Harvard Women's Re-Tool Patagonia,11372,,4 Spring 2018 Collection,Quality,023 Apparel > Sweatshirts > Zip,,15760.760000,0.000000,15760.760000,9459.534710,6301.225290,0.399805,0.000000
Ladies' Harvard Scoop Crew,11484,,2 Lifestyle Collection,Ouray,021 Apparel > Sweatshirts > Crewneck,"Clearance, B - Bin 23",4442.762500,11302.285920,15745.048420,7529.670630,8215.377790,0.521775,0.720000
Harvard Glass Silicone Water Bottle,11346,,6 Drinkware,LXG,220 Drinkware > Bottles,B - Bin 69,7220.601500,8391.563500,15612.165000,6723.166270,8888.998730,0.569364,159.728460
Future Freshman Onesie,10560,,"7 Youth, Toddler, Infant",FREEDOM,"080 Apparel > Onesies, Infantwear",B - Bin 50,10156.374520,5115.837000,15272.211520,7733.750000,7538.461520,0.493606,1.610000
Harvard Collegiate Tee,10988,,4 Fall 2017 Collection,Quality,"010 Apparel > T-shirts, Tanks",Clearance,14687.833000,554.097560,15241.930560,4985.864140,10256.066420,0.672885,1.400000
Large Harvard Pennant,939,COLLEG,5 Accessories,Collegiate Pacific,"170 Accessories > Pennants, Wall Decorations",B - Bin 68,8155.178130,6647.854530,14803.032660,7391.840540,7411.192130,0.500654,767.841180
Ladies Vineyard Vines Shep Shirt,3211,VV,1 Heritage Collection,Vineyard Vines,023 Apparel > Sweatshirts > Zip,B - Bin 38,8966.790000,5646.570000,14613.360000,8614.962570,5998.397430,0.410474,0.520000
Harvard Ladies Flannel Pants,11239,,4 Fall 2017 Collection,Concepts Sport,040 Apparel > Pants and Shorts,B - Bin 17,7187.855990,7404.889510,14592.745500,7531.730900,7061.014600,0.483872,1.790000
Harvard Toddler Fleece Jacket,10540,,"7 Youth, Toddler, Infant",Creative Knitwear,"080 Apparel > Onesies, Infantwear",Bin 50,9261.426500,5302.206430,14563.632930,6622.070070,7941.562860,0.545301,0.000000
Harvard Maroon Arc T-Shirt,11715,,,Quality,"010 Apparel > T-shirts, Tanks","A - Bin 3, Clearance",0.000000,14495.831860,14495.831860,3216.440000,11279.391870,0.778113,0.000000
Harvard 10oz. Vacuum Tumbler,10851,,6 Drinkware,LXG,240 Drinkware > Travel Mugs,B - Bin 68,6202.372000,8073.504000,14275.876000,7464.266900,6811.609100,0.477141,374.552360
Harvard S'well,11694,,,LXG,220 Drinkware > Bottles,B - Bin 69,39.990000,14231.012620,14271.002620,10039.481960,4231.520660,0.296512,768.051300
Crest Speckled Mug,10824,,6 Drinkware,Quality,210 Drinkware > Mugs,,6667.288010,7590.635770,14257.923780,4090.862610,10167.061170,0.713081,172.830080
Harvard Crest Hat,10736,,3 Classic Collection,Bay State Apparel,030 Apparel > Hats,,10745.723660,3379.656500,14125.380160,3852.778170,10272.601990,0.727244,1.980000
Vineyard Vines Harvard Tie,3206,VV,1 Heritage Collection,Vineyard Vines,"060 Apparel > Belts, Ties, Cufflinks",B - Bin 63,5785.520000,8081.110000,13866.630000,7335.877600,6530.752400,0.470969,266.071850
Vineyard Vines Shep Shirt,2377,VV,1 Heritage Collection,Vineyard Vines,023 Apparel > Sweatshirts > Zip,B - Bin 39,8164.774900,5655.235000,13820.009900,8289.780870,5530.229030,0.400161,3.240000
Harvard Medical School T-Shirt,8,QUALIT,Graduate Schools,Quality,"010 Apparel > T-shirts, Tanks",JFK Backroom,7551.602500,6167.211600,13718.814100,3690.711140,10028.102960,0.730974,1.820000
Checkout Bag Charge (25 cents),10625,,,,NA,,8043.312320,5566.919690,13610.232010,0.000000,13610.232020,1.000000,0.000000
Sweatshirt Tote Bag,10652,,5 Accessories,Bay State Apparel,150 Accessories > Bags,,10481.896500,3106.127450,13588.023950,5280.000000,8308.023950,0.611423,672.920280
Harvard Key Fob,10071,,5 Accessories,Smathers and Branson,110 Accessories > Keychains,B - Bin 64,6881.250000,6695.399410,13576.649410,7928.021360,5648.628050,0.416055,822.293660
16H36 Harvard Hat,10887,,3 Classic Collection,Bay State Apparel,030 Apparel > Hats,Clearance,10806.561150,2338.661500,13145.222650,3440.174230,9705.048420,0.738295,1.750000
Harvard Graduate School of Education Hooded Sweatshirt,3890,QUALIT,Graduate Schools,Quality,022 Apparel > Sweatshirts > Hooded,JFK Backroom,6972.257500,6077.292500,13049.550000,4055.996510,8993.553490,0.689185,0.820000
Harvard Cinch Bag,3863,QUALIT,5 Accessories,Quality,150 Accessories > Bags,B - Bin 68,6259.311700,6713.900380,12973.212080,4570.354750,8402.857270,0.647708,474.591930
White Harvard Pen,2742,QUALIT,5 Accessories,Quality,130 Accessories > Stationery,B - Bin 62,7313.956100,5634.583570,12948.539670,3416.860268,9531.679412,0.736120,630.168780
Harvard Kennedy School of Government T-Shirt,1,COMPRI,Graduate Schools,Comprint,"010 Apparel > T-shirts, Tanks",,8953.395970,3859.470450,12812.866420,3387.125660,9425.740760,0.735647,2.160000
Rectangular Harvard Pennant,627,COLLEG,5 Accessories,Collegiate Pacific,"170 Accessories > Pennants, Wall Decorations",B - Bin 31,8096.166530,4573.493000,12669.659530,6226.648520,6443.011010,0.508539,721.535810
Harvard Folder,3839,ROARIN,5 Accessories,Roaring Springs,130 Accessories > Stationery,B - Bin 62,8112.973880,4191.870500,12304.844380,5003.870260,7300.974120,0.593341,434.231220
Harvard H Infant Onesie,3276,,"7 Youth, Toddler, Infant",Quality,"080 Apparel > Onesies, Infantwear",B - Bin 47,6437.654140,5805.186720,12242.840860,5886.353140,6356.487720,0.519200,0.670000
Harvard Mom T-shirt,10797,,3 Classic Collection,Quality,"010 Apparel > T-shirts, Tanks",B - Bin 11,6354.029500,5816.916890,12170.946390,3844.194430,8326.751960,0.684150,2.410000
Ladies Classic Crew,11048,,4 Fall 2017 Collection,Ouray,021 Apparel > Sweatshirts > Crewneck,Clearance,11959.163000,157.642500,12116.805500,6697.008670,5419.796830,0.447296,0.340000
HGSE Crest T-Shirt,3729,,Graduate Schools,Quality,"010 Apparel > T-shirts, Tanks",JFK Backroom,7060.185600,4913.103500,11973.289100,3588.638140,8384.650960,0.700280,0.810000
Harvard Hockey Tailgate Jersey,889662106929,,2 Lifestyle Collection,Colosseum,021 Apparel > Sweatshirts > Crewneck,Clearance,7449.000000,4337.512500,11786.512500,5916.522560,5869.989940,0.498026,0.000000
"The ""Leo"" Hoodie",11101,,4 Fall 2017 Collection,Quality,022 Apparel > Sweatshirts > Hooded,Clearance,11387.118500,328.894000,11716.012500,5048.735810,6667.276690,0.569074,0.000000
Red Harvard Pen,2720,QUALIT,5 Accessories,Quality,130 Accessories > Stationery,B - Bin 62,5729.734880,5869.391440,11599.126320,3816.146590,7782.979740,0.670997,600.488370
Harvard Arc Hat,10658,,3 Classic Collection,Bay State Apparel,030 Apparel > Hats,"Harvard sport, accessories, black hat",9364.415600,2205.504000,11569.919600,3020.238400,8549.681200,0.738958,0.000000
Harvard Ladies Crest TriBlend,10978,,4 Fall 2017 Collection,Quality,"010 Apparel > T-shirts, Tanks",Clearance,10995.158000,530.540000,11525.698000,3135.315840,8390.382160,0.727972,1.000000
Harvard Children's Cardigan Sweater,11311,,"7 Youth, Toddler, Infant",Creative Knitwear,"080 Apparel > Onesies, Infantwear",B - Bin 54,4942.664000,6523.821420,11466.485420,5260.133830,6206.351590,0.541260,0.770000
Harvard Striped Scarf,11272,,2 Lifestyle Collection,Apparel Empire,090 Apparel > Other,B - Bin 70,11199.922400,248.431500,11448.353900,7462.433470,3985.920430,0.348165,3.010000
Harvard Dad T-Shirt,10801,,3 Classic Collection,Quality,"010 Apparel > T-shirts, Tanks",B - Bin 11,5974.471000,5306.620390,11281.091390,4001.694990,7279.396400,0.645274,2.490000
Ladies Arc T-Shirt,10358,,3 Classic Collection,Quality,"010 Apparel > T-shirts, Tanks",Clearance,10508.763040,709.873430,11218.636470,2927.053410,8291.583060,0.739090,0.650000
Harvard Johnston Gate Magnet,1513,,5 Accessories,Pin Badge Maker Company,140 Accessories > Magnets,B - Bin 62,5895.684500,5259.141440,11154.825940,2213.032580,8941.793360,0.801608,676.753730
Harvard Elite Ladies' Athletic Shorts,11492,,2 Lifestyle Collection,Ouray,040 Apparel > Pants and Shorts,B - Bin 36,4491.481500,6656.528200,11148.009700,5687.772700,5460.237000,0.489795,1.180000
Harvard Ladies Knit Reprise Top,11393,,2 Lifestyle Collection,Concepts Sport,General,B - Bin 23,8221.433000,2737.528400,10958.961400,5896.302160,5062.659240,0.461965,0.000000
Vineyard Vines Harvard Belt,3216,VV,1 Heritage Collection,Vineyard Vines,"060 Apparel > Belts, Ties, Cufflinks",A - Bin 1,6756.292500,4200.082500,10956.375000,5933.756360,5022.618640,0.458420,364.968180
Harvard 16oz. Vacuum Tumbler,11342,,6 Drinkware,LXG,240 Drinkware > Travel Mugs,B - Bin 69,5870.237090,5030.621100,10900.858190,4787.098910,6113.759280,0.560851,112.794400
Massachusetts Local Shipping (4-6 days),MassachusettsLocalShipping4-6days,,Freight,Freight,Freight,,7900.000000,2955.000000,10855.000000,0.000000,10855.000000,1.000000,50.330000
Small Harvard Pennant,867,COLLEG,5 Accessories,Collegiate Pacific,"170 Accessories > Pennants, Wall Decorations",B - Bin 70,5185.789200,5541.774400,10727.563600,5709.445830,5018.117770,0.467778,566.733660
Harvard H Canvas Tote Bag,11284,,5 Accessories,Apparel Empire,150 Accessories > Bags,cf-color-crimson,8323.745460,2208.720500,10532.465960,5472.000000,5060.465960,0.480464,1.640000
Harvard Leather Keychain,1688,,5 Accessories,Pin Badge Maker Company,110 Accessories > Keychains,B - Bin 64,4239.472080,6264.286200,10503.758280,2724.424020,7779.334260,0.740624,612.361570
Harvard Graduate School of Education Ladies  V-neck,10691,,Graduate Schools,Quality,"010 Apparel > T-shirts, Tanks",JFK Backroom,5883.741850,4521.870000,10405.611850,3643.848260,6761.763590,0.649819,0.000000
Harvard Vineyard Vines Classic Tote,3959,VV,5 Accessories,Vineyard Vines,150 Accessories > Bags,"cf-color-crimson, cf-color-navy, accessories, bags, B - Bin 72, girl bag, vineyard vines collection, vineyard vines",5955.360000,4344.917500,10300.277500,5763.848640,4536.428860,0.440418,338.656700
Harvard Silver Steel Water Bottle,2718,QUALIT,6 Drinkware,Quality,220 Drinkware > Bottles,B - Bin 71,6860.289540,3327.808640,10188.098180,2825.590030,7362.508150,0.722658,518.442910
Classic Harvard Swiss Army Knife,11020,,5 Accessories,Victorinox,180 Accessories > Other,B - Bin 63,3206.958070,6757.474000,9964.432070,4759.752830,5204.679240,0.522326,193.522390
Ladies Retro Stripe Sweater,10912,,4 Fall 2017 Collection,Hillflint,070 Apparel > Knit Sweaters,Mt. A Base,3915.590000,5988.080000,9903.670000,4453.944400,5449.725600,0.550273,0.160000
Harvard 24 oz. Grip Water Bottle,11343,,6 Drinkware,LXG,220 Drinkware > Bottles,B - Bin 68,3885.869000,5973.191690,9859.060690,4165.863320,5693.197370,0.577458,0.610000
Cozy Full Zip Hoodie,2575,QUALIT,3 Classic Collection,Quality,023 Apparel > Sweatshirts > Zip,,9521.280000,293.932500,9815.212500,6367.012580,3448.199920,0.351312,1.840000
Harvard Law School T-Shirt,2612,COMPRI,Graduate Schools,Comprint,"010 Apparel > T-shirts, Tanks",JFK Backroom,8897.666000,869.130000,9766.796000,2136.815750,7629.980250,0.781216,0.560000
Leather Crest Mini Padfolio,11151,,5 Accessories,LXG,130 Accessories > Stationery,B - Bin 68,5593.182500,4146.347000,9739.529500,4334.988210,5404.541290,0.554908,404.327630
Large Harvard Teddy Bear,11409,LES12/BRN,5 Accessories,T-Shirt Bears,160 Accessories > Soft Toys,A - Bin 2,2652.102000,6986.674960,9638.776960,4389.836490,5248.940470,0.544565,163.813170
Harvard Athletic Shield Quarter Zip,889662151516,,2 Lifestyle Collection,Colosseum,023 Apparel > Sweatshirts > Zip,Clearance,9301.100000,173.675000,9474.775000,4500.000000,4974.775000,0.525055,0.000000
USPS First-Class Mail International Parcel,15,,Freight,Freight,,,0.000000,9423.630000,9423.630000,0.000000,9423.630000,1.000000,0.000000
Engraved Color Harvard Keychain,1644,,5 Accessories,Pin Badge Maker Company,110 Accessories > Keychains,B - Bin 66,4988.085000,4322.718700,9310.803700,2958.282750,6352.520950,0.682274,534.260010
Harvard Cabana Umbrella,11172,,5 Accessories,STORMDUDS,300 Rain Gear,B - Bin 70,3874.064500,5359.305800,9233.370300,4935.608520,4297.761780,0.465460,481.664530
Harvard Crest Shot Glass,11198,,6 Drinkware,Quality,230 Drinkware > Glasses,B - Bin 73,5267.414000,3836.657350,9104.071350,3918.785300,5185.286050,0.569557,87.976210
Harvard 32oz. Sports Bottle,11211,,6 Drinkware,Quality,220 Drinkware > Bottles,B - Bin 71,4370.550580,4629.269500,8999.820080,2971.276960,6028.543120,0.669852,215.812720
Harvard Ladies Knit Reprise Pant,11397,,2 Lifestyle Collection,Concepts Sport,040 Apparel > Pants and Shorts,B - Bin 25,6686.955500,2160.215140,8847.170640,4639.980740,4207.189900,0.475541,0.000000
Hahvahd Trademark Tour Ticket,11859,,,Trademark Tour,,,6642.000000,2034.100000,8676.100000,6516.000000,2160.100000,0.248971,0.000000
Leather Crest Keychain,10853,,5 Accessories,Pin Badge Maker Company,110 Accessories > Keychains,B - Bin 64,4713.982100,3861.783300,8575.765400,2172.666250,6403.099150,0.746650,80.294470
Harvard Pencil,10117,,5 Accessories,Pin Badge Maker Company,130 Accessories > Stationery,"B - Bin 61, overflow: Mt. A Base",4610.286070,3897.541760,8507.827830,1856.160670,6651.667140,0.781829,403.293730
Harvard Cellphone Card Holder,11341,,5 Accessories,LXG,180 Accessories > Other,B - Bin 71,4836.730630,3609.313000,8446.043630,4018.448510,4427.595120,0.524221,70.610820
1636 Shield Hat,11159,,4 Fall 2017 Collection,Quality,030 Apparel > Hats,A - Bin 2,3966.453500,4474.643260,8441.096760,2174.591310,6266.505450,0.742380,0.000000
Youth Trucker Hat,11015,,2 Lifestyle Collection,Quality,030 Apparel > Hats,A - Bin 2,3212.896870,5205.497940,8418.394810,2592.347060,5826.047750,0.692062,2.410000
Harvard Ladies' Flannel Nightshirt,11557,,2 Lifestyle Collection,Concepts Sport,"010 Apparel > T-shirts, Tanks",Clearance,3384.076000,5024.922440,8408.998440,4473.704320,3935.294120,0.467986,1.960000
MIT Hooded Sweatshirt,60071,,MIT,FREEDOM,022 Apparel > Sweatshirts > Hooded,Mt. A Back,4182.860000,4124.680000,8307.540000,3109.754140,5197.785860,0.625671,0.400000
Cashmere H Sweater,11626,,1 Heritage Collection,Hillflint,021 Apparel > Sweatshirts > Crewneck,Mt. A Base,2500.000000,5807.500000,8307.500000,4169.867560,4137.632440,0.498060,0.000000
Harvard Tumbler,10466,,6 Drinkware,LXG,240 Drinkware > Travel Mugs,B - Bin 68,2963.364500,5278.653500,8242.018000,4246.977880,3995.040120,0.484716,198.488780
Harvard Barrel Pen,611,ARTS A,5 Accessories,Arts & Cards,130 Accessories > Stationery,B - Bin 62,4241.226000,3895.325770,8136.551770,4374.467660,3762.084110,0.462368,448.558310
Men's Pant & Shirt Pajama Set,11569,,2 Lifestyle Collection,Concepts Sport,040 Apparel > Pants and Shorts,,3600.215110,4462.609200,8062.824310,3465.608030,4597.216270,0.570174,0.160000
MIT Contemporary Hooded Sweatshirt,60111,,MIT,FREEDOM,022 Apparel > Sweatshirts > Hooded,Mt. A Back,4418.950000,3607.570000,8026.520000,2794.313130,5232.206870,0.651865,0.750000
Harvard Ladies' Flannel PJ Shorts,11561,,2 Lifestyle Collection,Concepts Sport,040 Apparel > Pants and Shorts,B - Bin 17,1322.396450,6698.997000,8021.393450,3265.010090,4756.383360,0.592962,0.470000
Harvard Shield Hat,10657,,3 Classic Collection,Bay State Apparel,030 Apparel > Hats,,6541.769350,1403.272000,7945.041350,1995.000000,5950.041350,0.748900,1.510000
Harvard Varsity Sweater,10907,,4 Fall 2017 Collection,Hillflint,070 Apparel > Knit Sweaters,Mt. A Base,4277.110000,3549.170000,7826.280000,3760.535400,4065.744600,0.519499,0.180000
Harvard Bachelor Frame,4031,UFRAME,Large Purchases,University Frames,"400 Frames, Rings, Chairs, Lamps","bachelor's, bachelors",4061.621500,3461.910000,7523.531500,5033.974000,2489.557500,0.330903,473.595620
Pewter Keychain,3779,,5 Accessories,Pin Badge Maker Company,110 Accessories > Keychains,B - Bin 66,4102.255000,3408.252700,7510.507700,1873.913660,5636.594040,0.750494,449.406840
Wine Bottle Keychain,10348,,5 Accessories,Pin Badge Maker Company,110 Accessories > Keychains,B - Bin 64,3881.640000,3578.356000,7459.996000,1941.253270,5518.742730,0.739778,446.711350
Rugby Striped Beanie,11261,,2 Lifestyle Collection,Apparel Empire,030 Apparel > Hats,,7376.753500,19.990000,7396.743500,4195.626170,3201.117330,0.432774,0.850000
Harvard Polar Bear,10581,ELR10/WHT,5 Accessories,T-Shirt Bears,160 Accessories > Soft Toys,A - Bin 2,3760.178500,3628.407410,7388.585910,3067.375490,4321.210420,0.584849,425.838810
Harvard Ladies Commit Terry Top,11303,,4 Spring 2018 Collection,Concepts Sport,021 Apparel > Sweatshirts > Crewneck,Clearance,7371.114790,1.519000,7372.633790,3208.580030,4164.053760,0.564799,0.000000
Harvard Steel Water Bottle,4996,QUALIT,6 Drinkware,Quality,220 Drinkware > Bottles,B - Bin 71,6142.341870,1095.839500,7238.181370,3410.044180,3828.137190,0.528881,383.416960
Ladies Long Sleeve Crest Triblend,11267,,4 Spring 2018 Collection,Apparel Empire,"010 Apparel > T-shirts, Tanks",Clearance,5473.685000,1664.352000,7138.037000,2514.673700,4623.363300,0.647708,0.300000
"""H"" Car Decal",2722,QUALIT,5 Accessories,Quality,180 Accessories > Other,B - Bin 64,4248.273830,2648.552000,6896.825830,2622.453530,4274.372300,0.619759,297.758790
Harvard Panda Bear,10478,ELR10/PND,5 Accessories,T-Shirt Bears,160 Accessories > Soft Toys,A - Bin 2,3878.081500,3015.357500,6893.439000,2817.181480,4076.257520,0.591324,400.579940
The Red Harvard Mug,2719,QUALIT,6 Drinkware,Quality,210 Drinkware > Mugs,B - Bin 71,3813.087660,3012.124000,6825.211660,2877.462820,3947.748840,0.578407,397.537100
Leather Strap Keychain,10854,,5 Accessories,Pin Badge Maker Company,110 Accessories > Keychains,B - Bin 64,4061.304000,2657.493500,6718.797500,1036.438680,5682.358820,0.845740,408.718630
Deluxe Harvard Golf Umbrella,4725,STORMD,5 Accessories,STORMDUDS,300 Rain Gear,B - Bin 70,4833.747500,1872.579000,6706.326500,3888.445240,2817.881260,0.420183,403.670300
Harvard Weeks Bridge Magnet,10095,,5 Accessories,Pin Badge Maker Company,140 Accessories > Magnets,B - Bin 63,4124.758500,2565.547630,6690.306130,1315.225150,5375.080980,0.803413,401.390940
Harvard Folding Umbrella,11392,,5 Accessories,,180 Accessories > Other,,6580.000000,0.000000,6580.000000,4588.201100,1991.798900,0.302705,0.000000
Harvard Children's Sweater Dress,11322,,"7 Youth, Toddler, Infant",Creative Knitwear,"080 Apparel > Onesies, Infantwear",B - Bin 50,2973.382270,3579.478000,6552.860270,3331.775230,3221.085040,0.491554,1.520000
Spartan Harvard Swiss Army Knife,11021,,5 Accessories,Victorinox,180 Accessories > Other,Bin 63 (red); Bin 70 (white),5306.907500,1242.762500,6549.670000,3088.386010,3461.283990,0.528467,173.070860
Harvard H Spinner Keychain,10998,,5 Accessories,Wincraft,110 Accessories > Keychains,B - Bin 65,3353.893900,3169.282400,6523.176300,4065.754310,2457.421990,0.376722,391.935680
Harvard Crest Pin,11173,,5 Accessories,Pin Badge Maker Company,120 Accessories > Pins,B - Bin 66,3734.517120,2773.587300,6508.104420,1033.518920,5474.585510,0.841195,374.305380
Future Freshman Toddler T-shirt,10558,,"7 Youth, Toddler, Infant",FREEDOM,"010 Apparel > T-shirts, Tanks",B - Bin 48,4899.713500,1600.389000,6500.102500,2111.250000,4388.852500,0.675197,0.000000
Harvard Notebook,3841,ROARIN,5 Accessories,Roaring Springs,130 Accessories > Stationery,"overflow: Mt. A Base, B - Bin 62",3202.186920,3295.634500,6497.821420,2898.093370,3599.728050,0.553990,195.414990
Spinner Keychain,2870,FREEDM,Clearance,FREEDOM,110 Accessories > Keychains,B - Bin 65,2021.890500,4319.385550,6341.276050,2600.751200,3740.524850,0.589869,348.228600
Toddler Harvard Crest T-shirt,10418,,"7 Youth, Toddler, Infant",Quality,"010 Apparel > T-shirts, Tanks",B - Bin 48,3727.536220,2518.719500,6246.255720,2546.492850,3699.762870,0.592317,0.000000
Harvard Graduate School of Education Triblend T-shirt,10738,,Graduate Schools,Quality,"010 Apparel > T-shirts, Tanks",JFK Backroom,2123.697500,4098.523000,6222.220500,2255.655930,3966.564570,0.637484,0.000000
Harvard Ladies Commit Terry Pant,11307,,4 Spring 2018 Collection,Concepts Sport,040 Apparel > Pants and Shorts,Clearance,5475.120000,725.586340,6200.706340,2894.730760,3305.975580,0.533161,0.130000
Harvard H Shield Pin,882,,5 Accessories,Pin Badge Maker Company,120 Accessories > Pins,B - Bin 66,3569.711000,2587.361300,6157.072300,883.391140,5273.681170,0.856524,249.580640
"The ""Alejandra"" Youth Hoodie",11262,,4 Spring 2018 Collection,Apparel Empire,022 Apparel > Sweatshirts > Hooded,Clearance,6066.938000,67.485000,6134.423000,2738.000000,3396.423000,0.553666,0.000000
Harvard Footed Romper,10547,,"7 Youth, Toddler, Infant",Creative Knitwear,"080 Apparel > Onesies, Infantwear",B - Bin 50,4468.118310,1666.033000,6134.151310,3116.674190,3017.477120,0.491914,0.560000
Harvard Bottle Opener Keychain,1680,,5 Accessories,Pin Badge Maker Company,110 Accessories > Keychains,B - Bin 64,3772.122700,2322.671930,6094.794630,2289.799780,3804.994850,0.624302,357.058270
Harvard Dog,10582,TU11/PUP-PEC,5 Accessories,T-Shirt Bears,160 Accessories > Soft Toys,A - Bin 2,2663.705500,3417.863070,6081.568570,3092.015080,2989.553490,0.491576,349.056690
Harvard Crest Puff Vest,889662103249,,3 Classic Collection,Colosseum,050 Apparel > Jackets,"Mt. A Back, Clearance",2066.060000,3997.375000,6063.435000,3443.656000,2619.779000,0.432062,0.900000
Harvard Bodysuit Dress,10550,,"7 Youth, Toddler, Infant",Creative Knitwear,"080 Apparel > Onesies, Infantwear",Bin 53,3761.003000,2145.123000,5906.126000,3465.094820,2441.031180,0.413305,2.690000
Soda/Dasani,10666,,,,Drink,,2834.190000,3010.500000,5844.690000,0.000000,5844.690000,1.000000,0.000000
Harvard Pin,894,,5 Accessories,Pin Badge Maker Company,120 Accessories > Pins,B - Bin 66,3330.472470,2499.109200,5829.581670,782.186560,5047.395110,0.865825,253.641720
Harvard Crest Infant Onesie,2247,COMPRI,"7 Youth, Toddler, Infant",Comprint,"080 Apparel > Onesies, Infantwear",,4061.013330,1750.944500,5811.957830,1624.756890,4187.200940,0.720446,0.320000
Harvard 1636 Pin,895,,5 Accessories,Pin Badge Maker Company,120 Accessories > Pins,B - Bin 66,3378.540800,2255.909680,5634.450480,754.724430,4879.726060,0.866052,204.590870
Harvard Ladies Athletic Shorts,10493,,4 Fall 2017 Collection,Quality,040 Apparel > Pants and Shorts,,5363.512500,216.711500,5580.224000,2982.649670,2597.574330,0.465496,0.250000
Harvard 1636 Putty Hat,10608,,3 Classic Collection,Bay State Apparel,030 Apparel > Hats,,4149.525900,1358.866280,5508.392180,1465.465000,4042.927180,0.733958,0.190000
Harvard Crest Whiskey Shot Glass,11226,,6 Drinkware,Quality,230 Drinkware > Glasses,B - Bin 73,2148.492500,3348.661000,5497.153500,2281.097460,3216.056040,0.585040,0.500000
Premium Faded Long Sleeve Tee,11464,,2 Lifestyle Collection,Ouray,"010 Apparel > T-shirts, Tanks",Clearance,5364.309500,129.564000,5493.873500,2780.780000,2713.093500,0.493840,0.000000
Harvard Fleece Quarter Zip,10499,,2 Lifestyle Collection,Ouray,023 Apparel > Sweatshirts > Zip,,5026.637000,440.560000,5467.197000,3971.216970,1495.980030,0.273628,4.800000
Harvard Charge Pack,10467,,5 Accessories,LXG,180 Accessories > Other,B - Bin 71,2486.385000,2959.973500,5446.358500,3075.510700,2370.847800,0.435309,6.690000
Harvard Graduate School of Education Long Sleeve T-Shirt,10699,,Graduate Schools,Quality,"010 Apparel > T-shirts, Tanks",JFK Backroom,2921.401500,2520.696000,5442.097500,1564.988460,3877.109040,0.712429,0.000000
Harvard Cow,11518,PA10/CW,5 Accessories,T-Shirt Bears,160 Accessories > Soft Toys,A - Bin 2,2341.337500,3072.139750,5413.477250,2458.132980,2955.344270,0.545923,338.343590
Harvard Crest Cordial Shooter,11201,,6 Drinkware,Quality,230 Drinkware > Glasses,B - Bin 73,2393.236170,2988.286000,5381.522170,2706.088520,2675.433650,0.497152,0.700000
Harvard Crest Pint Glass,2035,,,Quality,General,B - Bin 73,3060.236000,2283.633400,5343.869400,1835.477840,3508.391560,0.656526,0.500000
I <3 Harvard Keychain,11515,,5 Accessories,Pin Badge Maker Company,110 Accessories > Keychains,B - Bin 65,1236.336000,3991.499530,5227.835530,1057.963160,4169.872370,0.797629,0.000000
USPS First-Class Mail Package,USPSFirstClasDefault,,,Freight,Freight,,0.000000,4989.020000,4989.020000,0.000000,4989.020000,1.000000,5.610000
H Long Sleeve T-shirt,10436,,Clearance,Comprint,"010 Apparel > T-shirts, Tanks",Clearance,4827.686740,156.187500,4983.874240,1199.025150,3784.849090,0.759419,0.450000
Harvard Enamel Cufflinks,10139,,1 Heritage Collection,Smart Turnout,"060 Apparel > Belts, Ties, Cufflinks",,2375.030000,2515.510000,4890.540000,2767.474500,2123.065500,0.434117,67.986880
Harvard Shield Dog Collar,10566,,5 Accessories,All Star Dogs,180 Accessories > Other,B - Bin 63,2578.983500,2272.890500,4851.874000,2944.460350,1907.413650,0.393129,54.730800
Boston Rocker,BostonRockerWithoutPersona,,,Standard Chair,"400 Frames, Rings, Chairs, Lamps",,2699.950000,2146.160000,4846.110000,3021.750000,1824.360000,0.376459,67.090000
Harvard Long Sleeve T-Shirt,10609,,3 Classic Collection,Bay State Apparel,"010 Apparel > T-shirts, Tanks",Clearance,4539.359500,238.636120,4777.995620,1477.798010,3300.197610,0.690708,0.000000
Silver Rectangular Keychain,1642,,5 Accessories,Pin Badge Maker Company,110 Accessories > Keychains,B - Bin 65,2639.597500,2108.238570,4747.836070,1519.054270,3228.781800,0.680053,282.911240
Harvard Crimson H Pin,1065,,5 Accessories,Pin Badge Maker Company,120 Accessories > Pins,B - Bin 66,2419.109000,2261.285000,4680.394000,598.514900,4081.879100,0.872123,225.567710
Harvard Maroon Crest T-Shirt,11710,,,Quality,"010 Apparel > T-shirts, Tanks","A - Bin 3, Clearance",0.000000,4664.216310,4664.216310,1042.860000,3621.356330,0.776413,0.000000
Vineyard Vines Harvard Bow Tie,3204,VV,1 Heritage Collection,Vineyard Vines,"060 Apparel > Belts, Ties, Cufflinks",B - Bin 71,2862.684000,1779.450500,4642.134500,2341.914100,2300.220400,0.495509,8.450000
Tower Shield Keychain,10113,,5 Accessories,LXG,110 Accessories > Keychains,B - Bin 65,3221.114000,1361.957620,4583.071620,2796.250390,1786.821230,0.389874,255.381530
Harvard Overalls,10941,,"7 Youth, Toddler, Infant",Creative Knitwear,"080 Apparel > Onesies, Infantwear",B - Bin 49,3311.347300,1256.401000,4567.748300,2219.219580,2348.528720,0.514155,0.000000
Harvard Athletic Stadium Shorts,191909972786,,2 Lifestyle Collection,Colosseum,040 Apparel > Pants and Shorts,,4245.901010,244.030000,4489.931010,1978.876940,2511.054070,0.559263,0.370000
Harvard Felt Pennant Magnet,10999,,5 Accessories,Wincraft,140 Accessories > Magnets,B - Bin 62,2957.268440,1503.487000,4460.755440,2297.473140,2163.282300,0.484959,278.489850
Harvard Crest Cinch Bag,10651,,5 Accessories,Bay State Apparel,150 Accessories > Bags,,4267.440840,179.880000,4447.320840,1188.750000,3258.570840,0.732704,271.614050
"The ""Sarah"" Waffle Tee",11250,,2 Lifestyle Collection,The League,"010 Apparel > T-shirts, Tanks",,4434.932000,0.000000,4434.932000,2471.384000,1963.548000,0.442746,0.310000
Harvard Toddler Sweatpants,11331,,"7 Youth, Toddler, Infant",Creative Knitwear,"080 Apparel > Onesies, Infantwear",B - Bin 54,1978.746000,2421.162500,4399.908500,2489.377400,1910.531100,0.434221,0.970000
Crest Spinner Keychain,10860,,5 Accessories,LXG,110 Accessories > Keychains,,4338.656000,0.000000,4338.656000,1791.261110,2547.394890,0.587139,0.610000
"White ""Harvard"" Beanie",10707,,3 Classic Collection,Bay State Apparel,030 Apparel > Hats,,3301.964200,967.836000,4269.800200,1250.821350,3018.978850,0.707054,0.310000
Harvard Pewter Magnet Clip,3778,,5 Accessories,Pin Badge Maker Company,140 Accessories > Magnets,B - Bin 64,1831.472290,2306.613360,4138.085650,1237.199300,2900.886350,0.701021,249.824500
Stainless Steel Harvard Flask,11344,,6 Drinkware,LXG,230 Drinkware > Glasses,B - Bin 71,3016.824000,1030.505500,4047.329500,1743.385650,2303.943850,0.569250,2.800000
Harvard Ladies Relaxed Long Sleeve,11184,,4 Fall 2017 Collection,Quality,"010 Apparel > T-shirts, Tanks",,4044.631500,0.000000,4044.631500,1893.750480,2150.881020,0.531787,0.000000
Harvard Retro Stadium Sweater,11621,,1 Heritage Collection,Hillflint,021 Apparel > Sweatshirts > Crewneck,Mt. A Base,939.100000,3100.185000,4039.285000,1687.560020,2351.724980,0.582213,1.280000
Harvard Lounge Pant,11703,,,Concepts Sport,040 Apparel > Pants and Shorts,B - Bin 16,0.000000,4038.990740,4038.990740,1848.161260,2190.829480,0.542420,0.000000
Harvard Etched Crest Shot Glass,11200,,6 Drinkware,Quality,230 Drinkware > Glasses,B - Bin 73,1317.506170,2689.430630,4006.936800,1318.370800,2688.566000,0.670978,57.891050
Harvard Wristband,41,QUALIT,5 Accessories,Quality,180 Accessories > Other,"cf-color-crimson, B - Bin 67, accessories, accessory, Jewelry, bracelet, bracelets, Harvard wristband, wristband, wristbands",3542.268100,451.995500,3994.263600,1433.860920,2560.402680,0.641020,129.808590
Harvard Grandma T-Shirt,10961,,3 Classic Collection,Quality,"010 Apparel > T-shirts, Tanks",A - Bin 8,1419.966500,2568.770000,3988.736500,1393.155680,2595.580820,0.650728,0.090000
Harvard Athletic Short Sleeve Tee / Graphite,11881,,,Ouray,"010 Apparel > T-shirts, Tanks",,0.000000,3926.532300,3926.532300,1877.395790,2049.136510,0.521869,0.000000
Harvard Pennant Sweater,11616,,1 Heritage Collection,Hillflint,021 Apparel > Sweatshirts > Crewneck,Mt. A Base,498.670000,3400.650000,3899.320000,1727.807750,2171.512250,0.556895,0.000000
Harvard Bucket Hat,2000,,2 Lifestyle Collection,Ouray,030 Apparel > Hats,A - Bin 2,365.714000,3524.340000,3890.054000,2088.671760,1801.382240,0.463074,1.250000
MIT Crew Sweatshirt,60079,,MIT,FREEDOM,021 Apparel > Sweatshirts > Crewneck,Mt. A Back,2375.120000,1513.220000,3888.340000,1168.000000,2720.340000,0.699615,0.530000
Harvard Stein Glass,11274,,6 Drinkware,Quality,230 Drinkware > Glasses,B - Bin 73,2278.723500,1474.804000,3753.527500,1539.186140,2214.341360,0.589936,14.659470
Striped Crest Beanie,10754,,3 Classic Collection,Bay State Apparel,030 Apparel > Hats,,2602.333900,1053.282980,3655.616880,1165.056360,2490.560520,0.681297,0.100000
Harvard Classic Crewneck Sweater,11642,,1 Heritage Collection,Hillflint,021 Apparel > Sweatshirts > Crewneck,Mt. A Base,450.000000,3154.530000,3604.530000,1577.161320,2027.368680,0.562450,0.000000
Harvard H Magnet Clip,11000,,5 Accessories,Pin Badge Maker Company,140 Accessories > Magnets,B - Bin 64,2422.437590,1163.201000,3585.638590,952.319260,2633.319330,0.734407,216.591470
Vintage Tailgate Sweater,10897,,4 Fall 2017 Collection,Hillflint,070 Apparel > Knit Sweaters,Mt. A Base,2527.120000,990.000000,3517.120000,1624.116500,1893.003500,0.538225,2.520000
Harvard Crest Bib,10538,,"7 Youth, Toddler, Infant",Creative Knitwear,"080 Apparel > Onesies, Infantwear",B - Bin 47,2319.331500,1177.310500,3496.642000,2011.513160,1485.128840,0.424730,0.690000
Harvard H Keychain,10997,,5 Accessories,Wincraft,110 Accessories > Keychains,B - Bin 64,1629.757180,1797.365380,3427.122560,1786.746760,1640.375800,0.478645,208.236640
KSG Frame Ex-Ed Frame,2311,UFRAME,Large Purchases,University Frames,"400 Frames, Rings, Chairs, Lamps",kennedy school of government executive education frame,2896.965000,522.000000,3418.965000,2044.775750,1374.189250,0.401931,207.562620
Harvard Sister T-Shirt,10973,,3 Classic Collection,Quality,"010 Apparel > T-shirts, Tanks",B - Bin 10,1131.984000,2249.737000,3381.721000,1205.027590,2176.693410,0.643664,1.180000
MIT Contemporary T-Shirt,60008,,MIT,FREEDOM,"010 Apparel > T-shirts, Tanks",Mt. A Back,1611.250000,1767.120000,3378.370000,947.750000,2430.620000,0.719465,1.310000
Harvard Business School Pin,872,,5 Accessories,Pin Badge Maker Company,120 Accessories > Pins,B - Bin 65,2416.804500,927.700500,3344.505000,374.514970,2969.990030,0.888021,99.629010
Harvard Ladies' Reversible Shorts,11412,,,Colosseum,General,,2987.117000,341.554000,3328.671000,1640.673520,1687.997480,0.507109,0.210000
MIT T-Shirt,60059,,MIT,FREEDOM,"010 Apparel > T-shirts, Tanks",Mt. A Back,1547.490000,1777.560000,3325.050000,917.873710,2407.176290,0.723952,0.060000
Kid's Harvard Crest Hat,10885,,"7 Youth, Toddler, Infant",Bay State Apparel,030 Apparel > Hats,,2792.752170,530.695000,3323.447170,902.440410,2421.006760,0.728463,0.000000
Harvard Tassel Beanie,11100,,4 Fall 2017 Collection,Ouray,030 Apparel > Hats,,3320.903000,0.000000,3320.903000,2164.114550,1156.788450,0.348336,0.800000
Harvard Toddler Jeans,11202,,"7 Youth, Toddler, Infant",Creative Knitwear,040 Apparel > Pants and Shorts,B - Bin 54,2025.439500,1294.505500,3319.945000,1765.652050,1554.292950,0.468168,0.000000
Harvard Better Sweater Full-Zip / Navy,11739,,,Quality,023 Apparel > Sweatshirts > Zip,,0.000000,3307.500000,3307.500000,1403.000000,1904.500000,0.575813,0.000000
Harvard Snowflake Beanie,11259,,2 Lifestyle Collection,Ouray,030 Apparel > Hats,,3161.813000,0.000000,3161.813000,1828.816800,1332.996200,0.421592,0.560000
Harvard Striped Baby Blanket,10539,,"7 Youth, Toddler, Infant",Creative Knitwear,180 Accessories > Other,B - Bin 47,1767.836200,1371.614500,3139.450700,1617.755210,1521.695490,0.484701,158.706250
Swivel Chair,SwivelChairWithoutPersona,,,Standard Chair,"400 Frames, Rings, Chairs, Lamps",,1853.090000,1260.000000,3113.090000,2122.600000,990.490000,0.318169,0.000000
Harvard Magnet Set,10994,,5 Accessories,Wincraft,140 Accessories > Magnets,B - Bin 62,2038.968100,1069.062000,3108.030100,1298.405680,1809.624420,0.582242,194.253760
Harvard Brother T-Shirt,10969,,3 Classic Collection,Quality,"010 Apparel > T-shirts, Tanks",B - Bin 10,1079.216000,2000.560050,3079.776050,1039.397580,2040.378470,0.662509,0.000000
Harvard T-Shirt Keychain,784,FREEDM,5 Accessories,FREEDOM,110 Accessories > Keychains,B - Bin 64,1357.597500,1704.023840,3061.621340,809.000000,2252.621320,0.735761,179.611490
Harvard Enamel Crest Keychain,11514,,5 Accessories,Pin Badge Maker Company,110 Accessories > Keychains,,1079.693410,1973.046000,3052.739410,807.000000,2245.739410,0.735647,189.111760
Harvard Grandpa T-Shirt,10965,,3 Classic Collection,Quality,"010 Apparel > T-shirts, Tanks",B - Bin 10,1508.038000,1534.714500,3042.752500,1082.310500,1960.442000,0.644299,0.860000
Harvard Crest Beanie,10706,,3 Classic Collection,Bay State Apparel,030 Apparel > Hats,,2118.935500,878.602000,2997.537500,957.702510,2039.834990,0.680504,0.810000
Kid's Harvard University Hat,10886,,"7 Youth, Toddler, Infant",Bay State Apparel,030 Apparel > Hats,,2580.501500,409.795000,2990.296500,764.750000,2225.546500,0.744256,0.000000
Harvard Striped Dress & Bloomer,10951,,"7 Youth, Toddler, Infant",Creative Knitwear,"080 Apparel > Onesies, Infantwear",B - Bin 50,2258.635500,727.404500,2986.040000,1251.556680,1734.483320,0.580864,0.000000
Harvard Felt H Sweatshirt,11647,,1 Heritage Collection,Hillflint,021 Apparel > Sweatshirts > Crewneck,Mt. A Base,942.340000,2040.000000,2982.340000,1273.262770,1709.077230,0.573066,0.000000
Harvard Pocket Tee,11424,,Clearance,Colosseum,General,,2968.067500,0.000000,2968.067500,1150.845110,1817.222390,0.612258,0.500000
Cup of Coffee,11513,,,,,,1947.500000,1012.500000,2960.000000,1530.320000,1429.680000,0.483000,0.000000
3-in-1 LED Stylus Pen,10856,,5 Accessories,LXG,130 Accessories > Stationery,,2953.508500,0.000000,2953.508500,1220.048580,1733.459920,0.586916,41.766230
Inside Harvard Third Edition,10509,,5 Accessories,HSA Publications,180 Accessories > Other,"Crimson Key, book, books, Books and Magazines, Get Inside Harvard with the Crimson Key Society's brand-new guidebook to the Ivy of Ivies, inside harvard, inside harvard book, sometimes notorious, the most ivory of ivory towers, B - Bin 47, guide",2458.117500,487.480000,2945.597500,1811.005390,1134.592110,0.385182,100.279710
Harvard Kennedy School of Government Tee,11668,,,Quality,T-Shirt,JFK Backroom,0.000000,2943.179000,2943.179000,1186.429490,1756.749510,0.596888,0.000000
Harvard Engraved Metal Bottle Opener,11345,,5 Accessories,LXG,180 Accessories > Other,B - Bin 62,1550.464500,1388.140500,2938.605000,1289.807740,1648.797260,0.561082,1.820000
"Black ""Harvard"" Beanie",10708,,3 Classic Collection,Bay State Apparel,030 Apparel > Hats,Clearance,1925.208150,1008.152500,2933.360650,799.026800,2134.333850,0.727607,1.160000
Harvard Bodysuit,10947,,"7 Youth, Toddler, Infant",Creative Knitwear,"080 Apparel > Onesies, Infantwear",B - Bin 53,1720.550500,1189.922000,2910.472500,1413.495950,1496.976550,0.514341,0.380000
Harvard Henley Tee,11428,,2 Lifestyle Collection,Colosseum,"010 Apparel > T-shirts, Tanks",Clearance,2635.102500,264.929960,2900.032460,1410.738290,1489.294170,0.513544,0.420000
Harvard Men's Athletic Tank,11420,,,Colosseum,General,,2708.329500,168.573620,2876.903120,1121.922760,1754.980360,0.610024,0.000000
Leather Luggage Tag,10855,,5 Accessories,LXG,180 Accessories > Other,B - Bin 71,1598.718200,1265.629500,2864.347700,1461.355350,1402.992350,0.489812,73.881390
Harvard Crest Banner,10996,,5 Accessories,Wincraft,"170 Accessories > Pennants, Wall Decorations",B - Bin 70,1588.432500,1230.774530,2819.207030,1151.081870,1668.125160,0.591700,173.026560
Harvard Stitched Hat,11708,,,Smathers and Branson,030 Apparel > Hats,"hat, A - Bin 2",0.000000,2778.945500,2778.945500,1616.396390,1162.549110,0.418342,0.000000
Harvard Bottle Opener,11273,,5 Accessories,Pin Badge Maker Company,180 Accessories > Other,,1386.751500,1360.300500,2747.052000,229.171410,2517.880590,0.916576,110.997410
Harvard Toddler Pocket Tee,10937,,"7 Youth, Toddler, Infant",Creative Knitwear,"010 Apparel > T-shirts, Tanks",,1762.116500,883.558000,2645.674500,1378.290440,1267.384060,0.479040,0.000000
Harvard Kennedy School Pin,871,,5 Accessories,Pin Badge Maker Company,120 Accessories > Pins,B - Bin 65,1609.733500,894.768000,2504.501500,310.149750,2194.351750,0.876163,95.994800
Harvard Speckled Tee,11288,,2 Lifestyle Collection,Latitude 44,"010 Apparel > T-shirts, Tanks",,2471.796000,23.370000,2495.166000,1320.577890,1174.588110,0.470745,0.000000
UPS Shipping,UPSShipping,,Freight,Freight,,,2472.010000,17.400000,2489.410000,0.000000,2489.410000,1.000000,0.000000
Harvard Wooden Dorm Sign,10995,,5 Accessories,Wincraft,"170 Accessories > Pennants, Wall Decorations",B - Bin 63,1273.363000,1205.446000,2478.809000,1005.714650,1473.094350,0.594275,151.299880
Harvard Ladies' Muscle Tank,11416,,2 Lifestyle Collection,Colosseum,"010 Apparel > T-shirts, Tanks",Clearance,2068.340500,375.028240,2443.368740,1120.971240,1322.397500,0.541219,0.150000
Harvard Shield Dog Leash,10572,,5 Accessories,All Star Dogs,180 Accessories > Other,B - Bin 63,1552.605500,858.006000,2410.611500,1609.641790,800.969710,0.332268,24.451040
Jenny Tee,11891,,,Latitude 44,"010 Apparel > T-shirts, Tanks",B - Bin 26,0.000000,2387.310570,2387.310570,967.376810,1419.933760,0.594784,0.000000
The Harvard Shop Heritage Lamp,TheHarvardShoWithoutPersona,,Large Purchases,Standard Chair,"400 Frames, Rings, Chairs, Lamps",,954.300000,1319.960000,2274.260000,1306.550000,967.710000,0.425505,20.620000
MIT Crest T-Shirt,60107,,MIT,FREEDOM,"010 Apparel > T-shirts, Tanks",,1152.410000,960.640000,2113.050000,661.500000,1451.550000,0.686945,1.730000
Harvard Graduate School of Education Mug,11227,,6 Drinkware,Quality,210 Drinkware > Mugs,B - Bin 73,1472.757000,588.651500,2061.408500,887.067740,1174.340760,0.569679,12.672560
Harvard Coffee Tumbler,11727,,,MCM Brands,240 Drinkware > Travel Mugs,,0.000000,2059.500000,2059.500000,836.000000,1223.500000,0.594076,116.218750
Harvard Tailgate Onesie,11553,,2 Lifestyle Collection,Concepts Sport,General,"Mt. A Back, Clearance",492.391500,1534.890190,2027.281690,1308.045950,719.235740,0.354778,0.000000
Life in Crimson,10407,,,HSA Publications,180 Accessories > Other,"gift, souvenir, photography, students, harvard student, book, harvard students, B - Bin 73, photograph, student, $30-$50, harvard experience, crimson, harvard, publication, books, Books and Magazines, experience, guide",1366.710000,625.690000,1992.400000,1876.000000,116.400000,0.058422,0.000000
Harvard Silver Plated Cufflinks,11411,,5 Accessories,Smathers and Branson,180 Accessories > Other,B - Bin 71,990.460000,998.732500,1989.192500,1184.598610,804.593890,0.404483,0.520000
Harvard Snowflake Scarf,11243,,2 Lifestyle Collection,Ouray,090 Apparel > Other,,1971.008000,0.000000,1971.008000,1091.084460,879.923540,0.446433,0.000000
Harvard Crest Striped Bow Tie,10330,,1 Heritage Collection,Global Neckwear,"060 Apparel > Belts, Ties, Cufflinks",B - Bin 71,1676.175000,284.880000,1961.055000,950.311970,1010.743030,0.515408,69.241030
Harvard Crest Children's Thermal Blanket,11340,,"7 Youth, Toddler, Infant",Creative Knitwear,"080 Apparel > Onesies, Infantwear",B - Bin 47,863.079500,1037.553320,1900.632820,956.724630,943.908190,0.496628,25.538920
Black H Beanie,10923,,3 Classic Collection,Bay State Apparel,030 Apparel > Hats,,1910.537500,-19.990000,1890.547500,535.000000,1355.547500,0.717013,0.380000
H Ping Pong Ball 6-pack,10993,,5 Accessories,Wincraft,180 Accessories > Other,B - Bin 62,757.168500,1128.858500,1886.027000,716.640470,1169.386530,0.620026,117.877470
Hahvahd Trademark Tour Ticket,11863,,,,NA,,0.000000,1885.870000,1885.870000,1739.700000,146.170000,0.077508,114.366890
Online Gift Card,GiftCard2000,,,The Harvard Shop,NA,,1450.000000,380.000000,1830.000000,0.000000,1830.000000,1.000000,0.000000
MIT Future Freshman T-Shirt,60103,,MIT,FREEDOM,"010 Apparel > T-shirts, Tanks",Mt. A Back,662.930000,1101.890000,1764.820000,632.000000,1132.820000,0.641890,0.460000
Harvard Graduate School of Education Mug,4054,,6 Drinkware,RFSJ,210 Drinkware > Mugs,,1747.708510,0.000000,1747.708510,1151.274460,596.434050,0.341266,75.460890
Harvard Enamel H Keychain,11516,,5 Accessories,Pin Badge Maker Company,General,,884.228000,850.545500,1734.773500,495.190000,1239.583500,0.714551,108.425110
Applique Sweatshirt,274,OURAY,Clearance,Ouray,021 Apparel > Sweatshirts > Crewneck,Clearance,1397.763000,328.914750,1726.677750,1538.795700,187.882050,0.108811,0.180000
Harvard Foldable Silicone Water Bottle,11347,,6 Drinkware,LXG,220 Drinkware > Bottles,,1710.573500,0.000000,1710.573500,802.087450,908.486050,0.531100,0.000000
Harvard 3-Pack T-Shirt Bundle,11275,,4 Spring 2018 Collection,Latitude 44,"010 Apparel > T-shirts, Tanks","t shirt, Harvard t-shirts, harvard, tailgate",1019.794000,684.863000,1704.657000,543.401610,1161.255390,0.681225,0.000000
Harvard Trapper Beanie,11099,,4 Fall 2017 Collection,Ouray,030 Apparel > Hats,,1653.708500,0.000000,1653.708500,849.175110,804.533390,0.486503,0.380000
Harvard 32oz. Sports Bottle,10836,,6 Drinkware,RFSJ,220 Drinkware > Bottles,,1606.497730,0.000000,1606.497730,689.183820,917.313910,0.571002,0.000000
Harvard Flag,810002HARV-001,,Tailgate,Victory Corps,410 Tailgate Items,,812.026000,764.283000,1576.309000,895.000000,681.309000,0.432218,5.072700
Harvard Business School Mug,10922,,6 Drinkware,RFSJ,210 Drinkware > Mugs,B - Bin 73,1507.143000,44.962500,1552.105500,822.593280,729.512220,0.470015,96.407730
Harvard Victory Crew,11917,,,The League,021 Apparel > Sweatshirts > Crewneck,,0.000000,1526.819570,1526.819570,850.928280,675.891290,0.442679,0.000000
Commencement 2019 Tumbler,11726,,,MCM Brands,240 Drinkware > Travel Mugs,,0.000000,1526.000000,1526.000000,612.000000,914.000000,0.598952,93.500000
Eliot House Patagonia,EMXSP,,,GroupGear,General,"cf-size-l, cf-size-m, cf-size-s, cf-size-xl, cf-size-xs, cf-size-xxl, house, patagonia, spirit, warm, fleece, harvard, quarter zip",1520.500000,0.000000,1520.500000,0.000000,1520.500000,1.000000,0.000000
Harvard Dog Bandana,11840,,,All Star Dogs,180 Accessories > Other,B - Bin 63,0.000000,1518.250500,1518.250500,820.105990,698.144510,0.459835,71.067870
Harvard Ladies' Flyaway Tank,11545,,2 Lifestyle Collection,Concepts Sport,"010 Apparel > T-shirts, Tanks",Mt. A Back,0.000000,1443.722970,1443.722970,836.045950,607.677020,0.420910,0.000000
Mather House Patagonia,HousePatagonia2018,,,GroupGear,General,"cf-size-l, cf-size-m, cf-size-s, cf-size-xl, cf-size-xs, cf-size-xxl, house, patagonia, spirit, warm, fleece, harvard, quarter zip",1442.000000,0.000000,1442.000000,0.000000,1442.000000,1.000000,0.000000
Harvard Contrast Sweater,11636,,1 Heritage Collection,Hillflint,021 Apparel > Sweatshirts > Crewneck,Mt. A Base,163.360000,1264.020000,1427.380000,591.274610,836.105390,0.585762,0.000000
Harvard Spirit Shorts,11921,,,The League,040 Apparel > Pants and Shorts,,0.000000,1378.491000,1378.491000,557.763000,820.728000,0.595381,0.360000
Harvard Crest Whiskey Shot Glass,838,NORDIC,Clearance,NORDIC,230 Drinkware > Glasses,,1348.473000,0.000000,1348.473000,667.873700,680.599300,0.504719,36.438970
Currier House Patagonia,HousePatagonia2018,,,GroupGear,General,"cf-size-l, cf-size-m, cf-size-s, cf-size-xl, cf-size-xs, cf-size-xxl, house, patagonia, spirit, warm, fleece, harvard, quarter zip",1341.500000,0.000000,1341.500000,0.000000,1341.500000,1.000000,0.000000
Harvard Veritas Onesie,11678,,,Quality,"080 Apparel > Onesies, Infantwear",B - Bin 47,0.000000,1324.619500,1324.619500,475.565690,849.053810,0.640979,0.360000
Harvard Collegiate Jogger,11933,,,The League,040 Apparel > Pants and Shorts,,0.000000,1319.854000,1319.854000,723.012640,596.841360,0.452203,0.000000
Harvard 'H' Booties,10546,,"7 Youth, Toddler, Infant",Creative Knitwear,"080 Apparel > Onesies, Infantwear",B - Bin 47,751.784500,567.039500,1318.824000,809.928440,508.895560,0.385871,0.640000
Harvard Arc Sweater,11631,,1 Heritage Collection,Hillflint,021 Apparel > Sweatshirts > Crewneck,Mt. A Base,190.380000,1119.680000,1310.060000,568.034750,742.025250,0.566406,0.000000
Harvard Racerback Tank,10025,,Clearance,MYU,"010 Apparel > T-shirts, Tanks",,1224.085660,74.730000,1298.815660,1625.800000,-326.984340,-0.251756,0.100000
Postcard,10592,,Clearance,Mahoney Publishing,"190 Accessories > Postcards, Photos",,446.945000,824.332000,1271.277000,835.456820,435.820180,0.342821,0.000000
Harvard Women's Retool Patagonia,11733,,,Quality,021 Apparel > Sweatshirts > Crewneck,,0.000000,1267.350000,1267.350000,654.500000,612.850000,0.483568,0.000000
Harvard Silk Striped Tie,11179,,1 Heritage Collection,Smart Turnout,"060 Apparel > Belts, Ties, Cufflinks",B - Bin 71,303.962000,955.634000,1259.596000,608.655250,650.940750,0.516785,11.230000
Harvard Etched Crest Shot Glass,776,NORDIC,6 Drinkware,NORDIC,230 Drinkware > Glasses,,1221.443500,17.120000,1238.563500,442.306910,796.256590,0.642887,70.427970
Harvard Woolyester Fleece Pullover / Crimson,11746,,,Quality,021 Apparel > Sweatshirts > Crewneck,,0.000000,1237.100000,1237.100000,535.500000,701.600000,0.567133,0.000000
Harvard Ladies' Flyaway Leggings,11549,,2 Lifestyle Collection,Concepts Sport,040 Apparel > Pants and Shorts,"Mt. A Back, Clearance",201.540000,1023.723410,1225.263410,784.353700,440.909710,0.359849,0.000000
Harvard Felt Illustrated Sweatshirt,12000,,1 Heritage Collection,Hillflint,021 Apparel > Sweatshirts > Crewneck,Mt. A Base,268.950000,928.000000,1196.950000,530.607800,666.342200,0.556700,0.000000
SAT SOS,11843,,,Not specified,Books,B - Bin 62,0.000000,1189.403130,1189.403130,744.000000,445.403120,0.374476,71.837700
Harvard Victory Tee,11937,,,The League,"010 Apparel > T-shirts, Tanks",,0.000000,1171.556000,1171.556000,666.153640,505.402360,0.431394,0.000000
Apley Tee,11925,,,The League,"010 Apparel > T-shirts, Tanks",B - Bin 26,0.000000,1169.611500,1169.611500,618.472120,551.139380,0.471216,0.000000
Harvard Hand-Stitched Card Wallet,11432,,5 Accessories,Smathers and Branson,General,B - Bin 71,390.624500,760.573000,1151.197500,563.608980,587.588520,0.510415,1.460000
Watercolor Postcard,632,QUALIT,5 Accessories,Quality,"190 Accessories > Postcards, Photos",B - Bin 63,749.907000,398.441500,1148.348500,523.497810,624.850690,0.544130,47.442850
Harvard Crest Tote Bag,11858,,,Quality,150 Accessories > Bags,B - Bin 70,0.000000,1130.301850,1130.301850,543.647430,586.654430,0.519025,64.474650
I Love Harvard Keychain,1102,FREEDM,5 Accessories,FREEDOM,110 Accessories > Keychains,,1078.712500,17.940000,1096.652500,308.000000,788.652500,0.719145,59.868590
SEAS Vineyard Vines Tie,11138,,,Vineyard Vines,,,888.300000,206.800000,1095.100000,912.500000,182.600000,0.166743,10.868750
Inside Harvard,4999,HSAPUB,5 Accessories,HSA Publications,180 Accessories > Other,B - Bin 47,1027.564500,0.000000,1027.564500,585.750000,441.814500,0.429963,49.186210
Harvard Kennedy School of Government Cordial Shooter,644,NORDIC,Graduate Schools,NORDIC,230 Drinkware > Glasses,B - Bin 73,289.317000,725.249000,1014.566000,619.836950,394.729050,0.389062,47.471430
Harvard Dad Tee,3722,COMPRI,Clearance,Comprint,"010 Apparel > T-shirts, Tanks",,545.523000,461.326000,1006.849000,363.800000,643.049000,0.638675,0.390000
Harvard Kennedy School of Government Mug,3552,,Graduate Schools,RFSJ,210 Drinkware > Mugs,,1002.759000,0.000000,1002.759000,452.898640,549.860360,0.548347,23.160190
MIT Hat,60102,,MIT,FREEDOM,030 Apparel > Hats,,116.960000,851.706000,968.666000,260.000000,708.666000,0.731590,0.000000
Walker Shorts,11847,,,Ouray,General,,0.000000,888.783000,888.783000,426.234730,462.548270,0.520429,0.150000
Hello Kitty T-shirt Missy,10005,MYU,Clearance,MYU,"010 Apparel > T-shirts, Tanks",,883.672000,0.000000,883.672000,2933.540000,-2049.868000,-2.319716,0.600000
Harvard Better Sweater 1/4 Zip / Navy,11753,,,Quality,023 Apparel > Sweatshirts > Zip,,0.000000,869.000000,869.000000,476.000000,393.000000,0.452244,0.000000
Harvard Striped Booties,11320,,"7 Youth, Toddler, Infant",Creative Knitwear,"080 Apparel > Onesies, Infantwear",B - Bin 47,390.032000,460.230000,850.262000,671.575890,178.686110,0.210154,0.350000
Harvard Kickoff Tee,11929,,,The League,General,,0.000000,848.609500,848.609500,441.765800,406.843700,0.479424,0.240000
Harvard Graduate School of Education Frame,10064,,Large Purchases,University Frames,"400 Frames, Rings, Chairs, Lamps",,839.700000,0.000000,839.700000,494.100000,345.600000,0.411576,52.481280
Side Chair,SideChairWithoutPersona,,,Standard Chair,"400 Frames, Rings, Chairs, Lamps",,0.000000,835.000000,835.000000,615.500000,219.500000,0.262874,0.000000
H Gloves,10709,,3 Classic Collection,Bay State Apparel,090 Apparel > Other,,828.290500,0.000000,828.290500,220.000000,608.290500,0.734393,0.000000
Ladies MIT Binary Logo T-Shirt,60148,,MIT,FREEDOM,"010 Apparel > T-shirts, Tanks",Mt. A Back,453.040000,366.280000,819.320000,302.500000,516.820000,0.630791,0.040000
Harvard Collegiate Bowl,4317,RFSJ,6 Drinkware,RFSJ,210 Drinkware > Mugs,,812.248500,0.000000,812.248500,354.849110,457.399390,0.563127,50.765740
Harvard Colorfield Sweatshirt,11652,,1 Heritage Collection,Hillflint,General,Mt. A Base,160.000000,639.070000,799.070000,345.399720,453.670280,0.567748,0.220000
Harvard Athletic Polo,10485,,Clearance,Charles River,"010 Apparel > T-shirts, Tanks",,772.507000,0.000000,772.507000,1139.460000,-366.953000,-0.475016,0.680000
International Shipping,InternationalShipping,,Freight,Freight,,,744.600000,0.000000,744.600000,0.000000,744.600000,1.000000,0.000000
Black & White Postcard,1142,ICONCP,Clearance,ICONCEPT,"190 Accessories > Postcards, Photos",B - Bin 63,317.443500,422.619000,740.062500,276.461250,463.601250,0.626435,31.407250
Dunster House Patagonia,DMXSP,,,GroupGear,General,"cf-size-l, cf-size-m, cf-size-s, cf-size-xl, cf-size-xs, cf-size-xxl, house, patagonia, spirit, warm, fleece, harvard, quarter zip",717.250000,0.000000,717.250000,0.000000,717.250000,1.000000,0.000000
Harvard Performance T-shirt,10473,,Clearance,Comprint,"010 Apparel > T-shirts, Tanks",,579.945500,132.087000,712.032500,432.741600,279.290900,0.392245,0.150000
Winthrop House Patagonia - Deleted on Shopify,WMSP,,,GroupGear,General,,705.440000,0.000000,705.440000,0.000000,705.440000,1.000000,0.000000
Harvard Knit Old College Tie,11519,,3 Classic Collection,Old College Ties,"060 Apparel > Belts, Ties, Cufflinks",B - Bin 70,0.000000,695.141500,695.141500,169.378290,525.763210,0.756340,0.000000
Harvard Canvas Belt,10893,,1 Heritage Collection,Smart Turnout,"060 Apparel > Belts, Ties, Cufflinks",A - Bin 1,616.570000,67.510000,684.080000,494.890200,189.189800,0.276561,0.000000
Youth Boston Arc Hooded Sweatshirt,60096,,Clearance,FREEDOM,021 Apparel > Sweatshirts > Crewneck,Clearance,502.480000,171.770000,674.250000,342.863680,331.386320,0.491489,0.000000
Crest Travel Mug,10680,,6 Drinkware,Arts & Cards,240 Drinkware > Travel Mugs,,667.051000,0.000000,667.051000,253.000000,414.051000,0.620719,26.187070
Kirkland House Patagonia,KMXSP,,,GroupGear,General,"cf-size-l, cf-size-m, cf-size-s, cf-size-xl, cf-size-xs, cf-size-xxl, house, patagonia, spirit, warm, fleece, harvard, quarter zip",658.000000,0.000000,658.000000,0.000000,658.000000,1.000000,0.000000
Harvard Table Cover,810026HARV-001,,Tailgate,Victory Corps,410 Tailgate Items,,179.980000,449.950000,629.930000,350.000000,279.930000,0.444383,0.000000
MIT Contemporary Cinch Bag,60130,,MIT,Quality Graphics,150 Accessories > Bags,Mt. A Back,344.680000,282.920000,627.600000,300.000000,327.600000,0.521989,2.140000
Harvard Business School Barrel Pen,613,ARTS A,5 Accessories,Arts & Cards,130 Accessories > Stationery,B - Bin 62,313.704000,312.737500,626.441500,319.680000,306.761500,0.489689,17.198050
Harvard Fabric Belt,10891,,1 Heritage Collection,Smart Turnout,"060 Apparel > Belts, Ties, Cufflinks",A - Bin 1,264.000000,352.528000,616.528000,338.050730,278.477270,0.451686,9.769160
Harvard Maroon Arc Sweatshirt,11872,,,Quality,022 Apparel > Sweatshirts > Hooded,"B - Bin 25, Clearance",0.000000,606.153490,606.153490,283.500000,322.653490,0.532297,0.000000
Veritas T-Shirt,10444,,Clearance,Comprint,"010 Apparel > T-shirts, Tanks",,526.044000,79.947250,605.991250,411.510000,194.481250,0.320931,0.400000
Harvard Mom Tee,374,COMPRI,Clearance,Comprint,"010 Apparel > T-shirts, Tanks",,591.630000,6.850000,598.480000,420.670000,177.810000,0.297103,0.410000
Clutch Wristlet,10655,,5 Accessories,Bay State Apparel,180 Accessories > Other,,590.258700,0.000000,590.258700,195.000000,395.258700,0.669636,4.217650
HGSE Charles River 1/4 Zip,11744,,,GroupGear,,,0.000000,574.704000,574.704000,385.000000,189.704000,0.330090,0.000000
Massachussetts Local Shipping (4-6 days),MassachussettsLocalShipping4-6days,,Freight,Freight,Freight,,460.000000,60.000000,520.000000,0.000000,520.000000,1.000000,6.130000
Harvard Extension School T-Shirt,10630,,Graduate Schools,Comprint,"010 Apparel > T-shirts, Tanks",,391.804000,122.500000,514.304000,153.202460,361.101540,0.702117,0.000000
Harvard Stein Glass,840,NORDIC,Clearance,NORDIC,230 Drinkware > Glasses,,508.001000,0.000000,508.001000,225.274700,282.726300,0.556547,27.502700
Harvard Maroon Crest Sweatshirt,11867,,,Quality,022 Apparel > Sweatshirts > Hooded,"B - Bin 25, Clearance",0.000000,504.092940,504.092940,216.000000,288.092940,0.571508,0.000000
Harvard Striped Socks,11181,,1 Heritage Collection,Smart Turnout,090 Apparel > Other,B - Bin 70,37.920000,465.979070,503.899070,647.628480,-143.729410,-0.285235,0.060000
Harvard Generic Grad School Frame,2730,UFRAME,Large Purchases,University Frames,"400 Frames, Rings, Chairs, Lamps",,239.900000,263.890000,503.790000,399.800000,103.990000,0.206415,31.486900
Harvard Chill Stick Water Bottle,10823,,6 Drinkware,Quality,220 Drinkware > Bottles,,497.790000,0.000000,497.790000,196.872940,300.917060,0.604506,0.000000
Harvard Graduate School of Education T-Shirt,4492,,Clearance,Comprint,General,JFK Backroom,252.585000,228.142500,480.727500,30.571400,450.156100,0.936406,0.000000
Boston Apparel Company T-Shirt,60084,,Clearance,Quality Graphics,"010 Apparel > T-shirts, Tanks","Mt. A Back, Clearance",368.880000,104.310000,473.190000,195.000000,278.190000,0.587903,0.070000
Let's Go Europe 2019,11709,,,,Books,B - Bin 67,0.000000,454.119500,454.119500,220.000000,234.119500,0.515546,26.895010
Pforzheimer House Patagonia - Deleted on Shopify,PMXLP,,,GroupGear,General,,453.500000,0.000000,453.500000,0.000000,453.500000,1.000000,0.000000
MIT Quarter Zip Embroidered Sweater,60041,,MIT,Ouray,023 Apparel > Sweatshirts > Zip,,449.160000,0.000000,449.160000,259.350000,189.810000,0.422589,0.000000
Harvard Kennedy School Of Government Barrel Pen,612,ARTS A,Graduate Schools,Arts & Cards,130 Accessories > Stationery,B - Bin 62,275.020000,159.425000,434.445000,230.950000,203.495000,0.468402,19.952710
MIT Lanyard,60115,,MIT,Quality,180 Accessories > Other,Mt. A Back,251.100000,181.600000,432.700000,211.373830,221.326170,0.511500,0.401880
MIT Engineer Arc T-Shirt,60028,,MIT,MYU,"010 Apparel > T-shirts, Tanks",,362.770000,65.010000,427.780000,286.000000,141.780000,0.331432,0.110000
Graduate School of Arts and Sciences Frame,4645,STOFRA,Large Purchases,University Frames,"400 Frames, Rings, Chairs, Lamps",,0.000000,419.850000,419.850000,267.930000,151.920000,0.361844,26.240640
Harvard Speckled Mug,10464,,Clearance,LXG,210 Drinkware > Mugs,,418.995500,0.000000,418.995500,171.334340,247.661160,0.591083,23.150110
Gift Card - Online Only,GiftCardOnl1000USD,,,The Harvard Shop,Gift Card,,0.000000,410.000000,410.000000,0.000000,410.000000,1.000000,0.000000
Harvard Silk Striped Bow Tie,11180,,1 Heritage Collection,Smart Turnout,"060 Apparel > Belts, Ties, Cufflinks",B - Bin 71,237.966000,167.994000,405.960000,238.804240,167.155760,0.411754,3.210000
Standard Shipping,StandardShipping,,Freight,Freight,,,0.000000,405.000000,405.000000,0.000000,405.000000,1.000000,0.000000
MIT Mug,60083,,MIT,FREEDOM,210 Drinkware > Mugs,,353.760000,44.460000,398.220000,102.500000,295.720000,0.742605,0.140000
Harvard Law School Barrel Pen,614,ARTS A,Graduate Schools,Arts & Cards,130 Accessories > Stationery,B - Bin 62,165.631000,230.319000,395.950000,205.860000,190.090000,0.480086,15.931520
Class of 2022 Hooded Sweatshirt,11593,,Class of 2022 Collection,Quality,022 Apparel > Sweatshirts > Hooded,,394.932500,0.000000,394.932500,0.000000,394.932500,1.000000,0.000000
Class of 2022 T-Shirt,11604,,Class of 2022 Collection,Quality,"010 Apparel > T-shirts, Tanks",,387.845000,0.000000,387.845000,0.000000,387.845000,1.000000,0.000000
MIT Engineers Vintage T-Shirt - Oxford,60024,,Clearance,MYU,"010 Apparel > T-shirts, Tanks",,371.440000,14.390000,385.830000,546.000000,-160.170000,-0.415131,0.090000
Cabot House Patagonia,HousePatagonia2018,,,GroupGear,General,"cf-size-l, cf-size-m, cf-size-s, cf-size-xl, cf-size-xs, cf-size-xxl, house, patagonia, spirit, warm, fleece, harvard, quarter zip",375.500000,0.000000,375.500000,0.000000,375.500000,1.000000,0.000000
USPS Express Mail,3,,Freight,Freight,Freight,,0.000000,365.080000,365.080000,0.000000,365.080000,1.000000,0.000000
CS50 Proud T-Shirt,10781,,CS50,CS50,"010 Apparel > T-shirts, Tanks",,337.840000,19.990000,357.830000,216.000000,141.830000,0.396361,0.320000
Custom,custom,,Freight,Freight,,,20.000000,325.820000,345.820000,0.000000,345.820000,1.000000,0.850000
Class of 2022 Crewneck Sweatshirt,11583,,Class of 2022 Collection,Quality,021 Apparel > Sweatshirts > Crewneck,,341.152500,0.000000,341.152500,0.000000,341.152500,1.000000,11.481120
I Took CS50 T-Shirt,10773,,CS50,Quality,"010 Apparel > T-shirts, Tanks",,277.870000,55.980000,333.850000,144.945380,188.904620,0.565837,0.330000
Crest Tote Bag,10681,,Clearance,Arts & Cards,150 Accessories > Bags,,325.983000,0.000000,325.983000,152.250000,173.733000,0.532951,19.486810
MIT Engineers Vintage T-Shirt - Crimson,60016,,Clearance,MYU,"010 Apparel > T-shirts, Tanks",,300.200000,14.380000,314.580000,468.000000,-153.420000,-0.487698,0.000000
Youth Rocker,YouthRockerWithoutPersona,,Large Purchases,Standard Chair,"400 Frames, Rings, Chairs, Lamps",,0.000000,305.000000,305.000000,193.310000,111.690000,0.366197,0.000000
HGSE Full Zip Patagonia,11759,,,GroupGear,,,0.000000,298.000000,298.000000,159.000000,139.000000,0.466443,0.000000
Harvard Running Shorts,4418,COMPRI,Clearance,Comprint,040 Apparel > Pants and Shorts,,176.941500,119.516500,296.458000,210.800000,85.658000,0.288938,0.000000
Harvard Ladies Pajama Set,11684,,,Concepts Sport,090 Apparel > Other,,0.000000,294.684500,294.684500,140.227160,154.457340,0.524145,0.000000
Quincy House Patagonia,HousePatagonia2018,,,GroupGear,General,"cf-size-l, cf-size-m, cf-size-s, cf-size-xl, cf-size-xs, cf-size-xxl, house, patagonia, spirit, warm, fleece, harvard, quarter zip",286.250000,0.000000,286.250000,0.000000,286.250000,1.000000,0.000000
Harvard Cotton Quilt Patagonia,11728,,,Quality,021 Apparel > Sweatshirts > Crewneck,,0.000000,278.000000,278.000000,119.000000,159.000000,0.571942,0.000000
Hand Sanitizer,11865,,,4Imprint,180 Accessories > Other,A - Bin 3,0.000000,274.200500,274.200500,72.511600,201.688900,0.735553,17.137810
Smart Water 20 OZ.,10258,,,,Drink,,163.960000,107.500000,271.460000,0.000000,271.460000,1.000000,0.000000
Harvard Heritage Scarf,11182,,1 Heritage Collection,Smart Turnout,090 Apparel > Other,,269.970000,0.000000,269.970000,134.360310,135.609690,0.502314,0.000000
Leverett House Patagonia - Deleted on Shopify,LMSP,,,GroupGear,General,,267.750000,0.000000,267.750000,0.000000,267.750000,1.000000,0.000000
Harvard Graduate School of Education Engraved Keychain,11702,,,Pin Badge Maker Company,110 Accessories > Keychains,B - Bin 65,0.000000,264.469000,264.469000,61.132000,203.337000,0.768850,0.998760
Class of 2022 Hat,11587,,Class of 2022 Collection,Quality,030 Apparel > Hats,,262.382500,0.000000,262.382500,0.000000,262.382500,1.000000,0.000000
Class of 2022 Mug,11601,,Class of 2022 Collection,Quality,210 Drinkware > Mugs,,256.576870,0.000000,256.576870,0.000000,256.576870,1.000000,16.036120
Harvard Tailgating Chair,810020HARV-001,,Tailgate,Victory Corps,410 Tailgate Items,,172.380000,83.250000,255.630000,135.000000,120.630000,0.471893,0.000000
Harvard Fleece Crew,4997,OURAY,Clearance,Ouray,070 Apparel > Knit Sweaters,Clearance,174.370000,68.643620,243.013620,271.046200,-28.032580,-0.115354,0.000000
Class of 2022 Vinyl Banner,11612,,Class of 2022 Collection,Quality,"170 Accessories > Pennants, Wall Decorations",,236.182500,0.000000,236.182500,0.000000,236.182500,1.000000,14.761440
Summer School T-Shirt 2016,10662,,Clearance,THS Custom Orders,"010 Apparel > T-shirts, Tanks",,230.350000,0.000000,230.350000,286.000000,-55.650000,-0.241589,0.010000
MIT Engineers Vintage T-Shirt - Charcoal,60020,,Clearance,MYU,"010 Apparel > T-shirts, Tanks",,180.150000,40.250000,220.400000,228.000000,-7.600000,-0.034483,0.100000
CS50 Puzzle Day T-shirt,10765,,CS50,CS50,"010 Apparel > T-shirts, Tanks",,179.910000,39.980000,219.890000,108.000000,111.890000,0.508845,0.000000
Youth Boston Arc T-Shirt,60088,,Clearance,FREEDOM,"010 Apparel > T-shirts, Tanks","Mt. A Back, Clearance",98.550000,120.260000,218.810000,136.500000,82.310000,0.376171,0.000000
Harvard Mug,829,,Clearance,RFSJ,210 Drinkware > Mugs,,207.220500,0.000000,207.220500,76.975360,130.245140,0.628534,9.897600
MIT Speckled Crest Bistro Mug,60033,,MIT,LXG,210 Drinkware > Mugs,,205.180000,0.000000,205.180000,110.062560,95.117440,0.463580,1.623760
Harvard Crest Canvas Tote Bag,11212,,5 Accessories,Quality,150 Accessories > Bags,,196.896000,0.000000,196.896000,106.902400,89.993600,0.457062,0.000000
Boston College T-Shirt,60055,,Clearance,,"010 Apparel > T-shirts, Tanks","Mt. A Back, Clearance",163.400000,29.980000,193.380000,120.000000,73.380000,0.379460,1.000000
Domestic Shipping,10061,,Freight,Freight,NA,,187.530000,0.000000,187.530000,0.000000,187.530000,1.000000,0.000000
MIT Arc T-Shirt,60125,,MIT,Quality,"010 Apparel > T-shirts, Tanks",,118.750000,65.740000,184.490000,36.000000,148.490000,0.804867,0.000000
Boston Hooded Sweatshirt,60000,,Clearance,,022 Apparel > Sweatshirts > Hooded,Clearance,164.570000,19.220000,183.790000,180.000000,3.790000,0.020621,0.000000
Adams House Patagonia,AMXSP,,,GroupGear,General,"cf-size-l, cf-size-m, cf-size-s, cf-size-xl, cf-size-xs, cf-size-xxl, house, patagonia, spirit, warm, fleece, harvard, quarter zip",178.500000,0.000000,178.500000,0.000000,178.500000,1.000000,0.000000
White MIT Pen,60147,,MIT,Quality,130 Accessories > Stationery,Mt. A Back,119.600000,51.800000,171.400000,100.675470,70.724530,0.412629,0.420000
Red MIT Pen,60137,,MIT,Quality,130 Accessories > Stationery,,111.140000,55.800000,166.940000,93.000000,73.940000,0.442914,0.563760
Harvard Kennedy School Mug,11662,,,Quality,210 Drinkware > Mugs,"mug, B - Bin 73, HKS, kennedy school",0.000000,164.353500,164.353500,65.340000,99.013500,0.602442,0.437070
CS50 Secret Decoder Glasses,10884,,CS50,CS50,090 Apparel > Other,,44.990000,116.250000,161.240000,95.760000,65.480000,0.406103,0.000000
Ladies PJ Shorts,11168,,2 Lifestyle Collection,Concepts Sport,040 Apparel > Pants and Shorts,,159.920000,0.000000,159.920000,62.129850,97.790150,0.611494,0.000000
MIT Crest Mug,10108,,MIT,FREEDOM,210 Drinkware > Mugs,,147.380000,0.000000,147.380000,0.000000,147.380000,1.000000,1.879380
2019 Mug,11838,,,Quality,210 Drinkware > Mugs,,0.000000,144.855000,144.855000,75.000000,69.855000,0.482241,0.000000
Harvard Vinyl Banner,810022HARV-001,,Tailgate,Victory Corps,410 Tailgate Items,,108.290000,32.310000,140.600000,80.000000,60.600000,0.431010,0.000000
Class of 2022 Parent Hat,11602,,Class of 2022 Collection,Quality,030 Apparel > Hats,,124.937500,0.000000,124.937500,0.000000,124.937500,1.000000,7.808640
Capri Fit Yoga Pants,10440,,Clearance,Comprint,040 Apparel > Pants and Shorts,,107.330000,14.090000,121.420000,149.910000,-28.490000,-0.234640,0.000000
CS50 Stress Ball,10786,,CS50,CS50,180 Accessories > Other,,44.420000,76.642970,121.062970,50.000000,71.062970,0.586992,0.000000
Harvard Crest Postcard,2992,QUALIT,5 Accessories,Quality,180 Accessories > Other,,107.068500,13.860000,120.928500,52.920000,68.008500,0.562386,4.606960
Historical Map of Harvard Square,11707,,5 Accessories,Trademark Tour,180 Accessories > Other,map,0.000000,120.000000,120.000000,100.000000,20.000000,0.166667,7.500000
Harvard Crop Top,4191,QUALIT,Clearance,Quality,"010 Apparel > T-shirts, Tanks",,87.850000,30.770000,118.620000,79.353340,39.266660,0.331029,0.000000
Harvard Kennedy School Polo,732,EEP,Clearance,Velocity,"010 Apparel > T-shirts, Tanks",,113.238000,0.000000,113.238000,314.660000,-201.422000,-1.778749,0.000000
Class of 2022 Long Sleeve T-shirt,11589,,Class of 2022 Collection,Quality,"010 Apparel > T-shirts, Tanks",,104.962500,0.000000,104.962500,0.000000,104.962500,1.000000,0.000000
Harvard Athletic Shield T-shirt,10510,,Clearance,Comprint,"010 Apparel > T-shirts, Tanks",,101.400000,0.000000,101.400000,102.241260,-0.841260,-0.008296,0.000000
Harvard Athletic Shorts,10489,,Clearance,Quality,040 Apparel > Pants and Shorts,,15.000000,85.000000,100.000000,50.616380,49.383620,0.493836,0.000000
Pre-Ordered Hillflint Sweater - Free Instore Pick Up,Pre-OrderedHillflintSweater-FreeInstorePickUp,,Freight,Freight,,,0.000000,99.000000,99.000000,0.000000,99.000000,1.000000,0.000000
HGSE Patagonia Vest,11802,,,GroupGear,,,0.000000,93.500000,93.500000,60.000000,33.500000,0.358289,0.000000
Let's Go Europe 2018,11293,,1 Heritage Collection,HSA Publications,NA,,92.990000,0.000000,92.990000,0.000000,92.990000,1.000000,0.000000
Harvard American Apparel Women's Crest V-Neck,4396,COMPRI,Clearance,Comprint,"010 Apparel > T-shirts, Tanks",,57.560000,32.460000,90.020000,66.420000,23.600000,0.262164,0.000000
Harvard Mens Pajama Set,11689,,,Concepts Sport,090 Apparel > Other,,0.000000,89.980000,89.980000,39.141130,50.838870,0.565002,0.000000
DISCONTINUED Endure Bottle,10659,,6 Drinkware,RFSJ,220 Drinkware > Bottles,,89.970000,0.000000,89.970000,35.184850,54.785150,0.608927,5.623140
CS50 Sunglasses,CS50-14,,CS50,CS50,090 Apparel > Other,,49.950000,39.960000,89.910000,44.040000,45.870000,0.510177,1.514380
HGSE Sweatpants,11791,,,GroupGear,,,0.000000,88.714500,88.714500,47.880000,40.834500,0.460291,0.000000
Memorial Hall Vintage Photo,853,,Clearance,ICONCEPT,"190 Accessories > Postcards, Photos",,12.990000,73.980000,86.970000,0.000000,86.970000,1.000000,5.435640
ddb50 (Rubber Duck),10788,,CS50,CS50,180 Accessories > Other,,38.940000,44.180000,83.120000,34.000000,49.120000,0.590953,0.000000
'H' Tank Top,4408,COMPRI,Clearance,Comprint,"010 Apparel > T-shirts, Tanks",RED- A,83.096000,0.000000,83.096000,61.930000,21.166000,0.254717,0.000000
MIT Contemporary Logo Keychain,60032,,MIT,LXG,110 Accessories > Keychains,Mt. A Back,5.990000,77.090000,83.080000,81.199980,1.880020,0.022629,0.370000
Etched Harvard Mug,10660,,6 Drinkware,RFSJ,210 Drinkware > Mugs,,81.570000,0.000000,81.570000,44.291940,37.278060,0.457007,3.805640
Chair & Lamp Shipping,ChairLampShipping,,Freight,Freight,,,0.000000,80.000000,80.000000,0.000000,80.000000,1.000000,0.000000
Harvard Crest Striped Tie,10329,,1 Heritage Collection,Global Neckwear,"060 Apparel > Belts, Ties, Cufflinks",B - Bin 71,0.000000,79.984000,79.984000,46.604480,33.379520,0.417327,4.999010
Harvard Ladies Designer Tee,10983,,4 Fall 2017 Collection,Quality,"010 Apparel > T-shirts, Tanks",,79.960000,0.000000,79.960000,22.354520,57.605480,0.720429,0.000000
Harvard Medical School Barrel Pen,11683,,,Arts & Cards,130 Accessories > Stationery,B - Bin 61,0.000000,78.487500,78.487500,40.500000,37.987500,0.483994,4.531840
Lowell House Patagonia,OMXSP,,,GroupGear,General,"cf-size-l, cf-size-m, cf-size-s, cf-size-xl, cf-size-xs, cf-size-xxl, house, patagonia, spirit, warm, fleece, harvard, quarter zip",78.000000,0.000000,78.000000,0.000000,78.000000,1.000000,0.000000
Pocket Tee,10831,,,The League,General,"womens, $10-$30, gift, harvard university, apparel, men, T-shirt, Tops, Harvard t-shirt, crest, mens, crimson, harvard, harvard women's",76.780000,0.000000,76.780000,0.000000,76.780000,1.000000,0.000000
MIT Crest Cinch Bag,60131,,MIT,Quality Graphics,150 Accessories > Bags,,76.500000,0.000000,76.500000,85.000000,-8.500000,-0.111111,0.000000
SAT Booklet,11141,,Clearance,,,,59.750000,0.000000,59.750000,72.000000,-12.250000,-0.205021,0.000000
Harvard Plaid Flannel PJ's,4937,BOXCRA,Clearance,,040 Apparel > Pants and Shorts,,55.980000,0.000000,55.980000,24.290000,31.690000,0.566095,0.000000
Comfy Harvard Quarter Zip,11459,,2 Lifestyle Collection,Ouray,023 Apparel > Sweatshirts > Zip,,52.990000,0.000000,52.990000,23.780000,29.210000,0.551236,0.000000
Harvard Academy Hood,11913,,,The League,022 Apparel > Sweatshirts > Hooded,,0.000000,52.990000,52.990000,31.054570,21.935430,0.413954,0.000000
Harvard Dad Crest T-shirt,10638,,Clearance,MYU,"010 Apparel > T-shirts, Tanks",Clearance,0.000000,52.447500,52.447500,70.980000,-18.532500,-0.353353,0.000000
Leather Harvard Padfolio,10070,,5 Accessories,Gemline,130 Accessories > Stationery,,51.273000,0.000000,51.273000,24.990000,26.283000,0.512609,3.204580
Harvard Summer School T-Shirt (Vintage),3270,QUALIT,Clearance,Quality,"010 Apparel > T-shirts, Tanks",,51.000000,0.000000,51.000000,23.160000,27.840000,0.545882,0.960000
Color Photo of Johnson Gate,10618,,Clearance,ICONCEPT,"190 Accessories > Postcards, Photos",,50.000000,0.000000,50.000000,25.500000,24.500000,0.490000,3.125000
Harvard Graduate School of Education Tie,10649,,Graduate Schools,Global Neckwear,"060 Apparel > Belts, Ties, Cufflinks",,0.000000,49.990000,49.990000,21.000000,28.990000,0.579916,0.000000
Smart Water 1L,6717,,,,Drink,,37.100000,10.700000,47.800000,0.000000,47.800000,1.000000,0.000000
Youth Binary Logo T-Shirt,60138,,MIT,FREEDOM,"010 Apparel > T-shirts, Tanks",,44.166000,0.000000,44.166000,14.000000,30.166000,0.683014,0.000000
Athletic Shield Sweatshirt,10515,,Clearance,Comprint,021 Apparel > Sweatshirts > Crewneck,,43.960000,0.000000,43.960000,37.652870,6.307130,0.143474,0.000000
Color Photo of Harvard Hall,10619,,Clearance,ICONCEPT,"190 Accessories > Postcards, Photos",,42.500000,0.000000,42.500000,25.500000,17.000000,0.400000,2.656250
Harvard Youth Maroon Crest Sweatshirt,11877,,,Quality,022 Apparel > Sweatshirts > Hooded,Clearance,0.000000,29.990000,29.990000,10.000000,19.990000,0.666556,0.000000
MIT Large Pennant,60046,,MIT,Collegiate Pacific,"170 Accessories > Pennants, Wall Decorations",Mt. A Back,29.970000,0.000000,29.970000,17.550000,12.420000,0.414414,0.000000
College Women Marching Photo,10614,,Clearance,ICONCEPT,"190 Accessories > Postcards, Photos",,29.581500,0.000000,29.581500,15.100000,14.481500,0.489546,1.848850
Class of 2022 Parent Mug,11603,,Class of 2022 Collection,Quality,210 Drinkware > Mugs,,29.485000,0.000000,29.485000,0.000000,29.485000,1.000000,1.842820
Harvard Crest Infant Onesie,2247,,,Comprint,General,"cf-color-white, cf-size-12m, cf-size-18m, cf-size-24m, cf-size-6m, cf-size-newborn",27.622000,0.000000,27.622000,0.000000,27.622000,1.000000,0.000000
"John Harvard Statue, 1904",10622,,Clearance,ICONCEPT,"190 Accessories > Postcards, Photos",,25.000000,0.000000,25.000000,12.750000,12.250000,0.490000,1.562500
Harvard White Postcard,2997,QUALIT,5 Accessories,Quality,"190 Accessories > Postcards, Photos",,23.760000,0.990000,24.750000,7.300000,17.450000,0.705051,1.299480
Harvard Lax Pinnie,10435,,,,,Clearance,0.000000,22.492500,22.492500,0.000000,22.492500,1.000000,0.000000
Crew Race between Harvard and Yale,10617,,Clearance,ICONCEPT,"190 Accessories > Postcards, Photos",,21.250000,0.000000,21.250000,12.750000,8.500000,0.400000,1.328120
Harvard Varsity 8 Rowers 1913,10624,,Clearance,ICONCEPT,"190 Accessories > Postcards, Photos",,21.250000,0.000000,21.250000,12.500000,8.750000,0.411765,1.328130
Harvard Lacrosse T-shirt,10512,,Clearance,Comprint,"010 Apparel > T-shirts, Tanks",Clearance,0.000000,20.830200,20.830200,15.728580,5.101620,0.244915,0.000000
HSA Camelbak,11248,,,,,,0.000000,20.417160,20.417160,15.000000,5.417160,0.265324,0.000000
HSA Hat,11246,,,,,,0.000000,20.000000,20.000000,12.000000,8.000000,0.400000,0.000000
HGSE Canvas Bag,11844,,,Not specified,090 Apparel > Other,,0.000000,20.000000,20.000000,10.000000,10.000000,0.500000,1.250000
Windflow Umbrellas,10015,,Clearance,STORMDUDS,300 Rain Gear,,17.493000,0.000000,17.493000,14.777500,2.715500,0.155234,1.093320
View of the Colleges Photo,10613,,Clearance,ICONCEPT,"190 Accessories > Postcards, Photos",,15.990000,0.000000,15.990000,7.550000,8.440000,0.527830,0.999380
Helen Keller Portrait,10616,,Clearance,ICONCEPT,"190 Accessories > Postcards, Photos",,15.990000,0.000000,15.990000,7.730000,8.260000,0.516573,0.999380
CS50 Tote Bag,10785,,CS50,CS50,150 Accessories > Bags,,3.990000,11.970000,15.960000,24.000000,-8.040000,-0.503759,0.000000
Harvard Square Photo,10621,,Clearance,ICONCEPT,"190 Accessories > Postcards, Photos",,15.000000,0.000000,15.000000,12.750000,2.250000,0.150000,0.937500
Action During Harvard-Yale Game Vintage Photo,10413,,Clearance,ICONCEPT,"190 Accessories > Postcards, Photos",,14.000000,0.000000,14.000000,10.300000,3.700000,0.264286,0.000000
MIT Binary Logo Hat,60129,,MIT,FREEDOM,030 Apparel > Hats,,13.993000,0.000000,13.993000,5.000000,8.993000,0.642678,0.000000
Harvard Campus and the Charles River Vintage Photo,2989,TOEGOZ,Clearance,ICONCEPT,"190 Accessories > Postcards, Photos",,12.990000,0.000000,12.990000,10.300000,2.690000,0.207082,0.811880
Harvard Luggage Tag,10273,,Clearance,"GloDesign, Inc.",180 Accessories > Other,,11.541000,0.000000,11.541000,8.687780,2.853220,0.247225,0.224440
Boston Postcard,619,ARTS A,Clearance,Arts & Cards,"190 Accessories > Postcards, Photos",,10.890000,0.000000,10.890000,1.100000,9.790000,0.898990,0.433160
Harvard Tissue Wallet,11866,,,4Imprint,180 Accessories > Other,,0.000000,9.950000,9.950000,6.474250,3.475750,0.349322,0.621900
Vertical V-Neck Shirt,4859,,,MYU,T-Shirt,"apparel, T-shirt, Tops, Harvard apparel, t-shirts, Harvard top, top, Women's, shirt, tee, harvard clothing, harvard shirt, harvard v-neck, harvard women's t-shirt, shirts, tees, sale, harvard women's v-ne, v neck, vertical v neck",9.100000,0.000000,9.100000,0.000000,9.100000,1.000000,0.000000
Veritas Racerback Tank,10452,,Clearance,Comprint,"010 Apparel > T-shirts, Tanks",,0.000000,8.992500,8.992500,8.650000,0.342500,0.038087,0.000000
Harvard Graduate School of Education Shot Glass,4030,QUALIT,6 Drinkware,Quality,230 Drinkware > Glasses,,8.500000,0.000000,8.500000,6.170000,2.330000,0.274118,0.000000
Harvard Crest Sticker,2738,QUALIT,Clearance,Quality,180 Accessories > Other,,4.950000,0.000000,4.950000,0.670000,4.280000,0.864646,0.309380
MIT Round Keychain,60142,,MIT,FREEDOM,110 Accessories > Keychains,,3.500000,0.000000,3.500000,1.750000,1.750000,0.500000,0.000000
Free In-Store Pickup (H-Sweater Purchases by Harvard Students ONLY),FreeIn-StorePickupH-SweaterPurchasesbyHarvardStudentsONLY,,Freight,Freight,,,0.000000,0.000000,0.000000,0.000000,0.000000,0.000000,0.000000
Free Shipping,FreeShipping,,Freight,Freight,,,0.000000,0.000000,0.000000,0.000000,0.000000,0.000000,0.000000
"In Store Patagonia Pickup [Available April 16th, HUID holders only]",InStorePatagoniaPickupAvailableApril16thHUIDholdersonly,,Freight,Freight,General,,0.000000,0.000000,0.000000,0.000000,0.000000,0.000000,0.000000
MIT Magnet,60132,,MIT,FREEDOM,140 Accessories > Magnets,,0.000000,0.000000,0.000000,1.100000,-1.100000,0.000000,0.000000
Silver Steel X- Large Bundle,10685,,,,Bundle ,,0.000000,0.000000,0.000000,0.000000,0.000000,0.000000,0.000000
Free Shipping (for orders over $100),FreeShippingforordersover100,,Freight,Freight,Freight,,0.000000,0.000000,0.000000,0.000000,0.000000,0.000000,0.000000
"Free Chair/Lamp Shipping (select this if and only if you're ordering a chair or lamp, otherwise we will cancel your order))",FreeChairLampShippingselectthisifandonlyifyoureorderingachairorlampotherwisewewillcancelyourorder,,Freight,Freight,Freight,,0.000000,0.000000,0.000000,0.000000,0.000000,0.000000,0.000000
Test Free Shipping: DO NOT SELECT - YOUR ORDER WILL BE CANCELED,TestFreeShippingDONOTSELECT-YOURORDERWILLBECANCELED,,Freight,Freight,Freight,,0.000000,0.000000,0.000000,0.000000,0.000000,0.000000,0.000000
CS50 Pen,CS50-13,,CS50,CS50,130 Accessories > Stationery,,0.000000,0.000000,0.000000,0.000000,0.000000,0.000000,0.000000
Free H Sweater Pick up - Students Only September 12-19,FreeHSweaterPickup-StudentsOnlySeptember12-19,,Freight,Freight,,,0.000000,0.000000,0.000000,0.000000,0.000000,0.000000,0.000000
Free H Sweater Pick up - Students Only October 12,FreeHSweaterPickup-StudentsOnlyOctober12,,Freight,Freight,,,0.000000,0.000000,0.000000,0.000000,0.000000,0.000000,0.000000
University Frame,UniversityFramDefaultTitle,,Large Purchases,University Frames,"400 Frames, Rings, Chairs, Lamps","harvard university, frame, graduation, harvard, picture, diploma, frames, university frame, wood",0.000000,0.000000,0.000000,0.000000,0.000000,0.000000,0.000000
Student Pick-Up (Must have an HUID),StudentPick-UpMusthaveanHUID,,Freight,Freight,Freight,,0.000000,0.000000,0.000000,0.000000,0.000000,0.000000,0.000000

Revenue,,,,,,,3515514.068310,2700398.287530
Cost of Goods,,,,,,,1268548.062086,991013.264413
Gross Profit,,,,,,,2246966.006244,1709385.023127
Margin,,,,,,,0.639157,0.633012
Tax,,,,,,,17337.088010,16219.991680
